string_id,module_equipment_id,modules_per_string,strings_per_combiner,dc_line_to_combiner_stc,combiner_device_id,racking_controls_gcr,racking_equipment_id,racking_device_id,pcs_module_id,dc_line_to_inverter_stc,pcs_equipment_id,pcs_device_id,transformer_equipment_id,transformer_device_id,block_device_id,circuit_device_id,met_name
0,20,18.0,20.0,0.0049,308,0.324,2,-999,-999,0.0143,2,108,-999,58,8,3,1.4
1,20,18.0,20.0,0.0049,309,0.324,2,-999,-999,0.012,2,108,-999,58,8,3,1.4
2,20,18.0,20.0,0.0049,310,0.324,2,-999,-999,0.0098,2,108,-999,58,8,3,1.4
3,20,18.0,24.0,0.0049,311,0.324,2,-999,-999,0.007,2,108,-999,58,8,3,1.4
4,20,18.0,24.0,0.0049,312,0.324,2,-999,-999,0.0043,2,108,-999,58,8,3,1.4
5,20,18.0,24.0,0.0049,313,0.324,2,-999,-999,0.0019,2,108,-999,58,8,3,1.4
6,20,18.0,24.0,0.0049,314,0.324,2,-999,-999,0.0034,2,108,-999,58,8,3,1.4
7,20,18.0,24.0,0.0049,315,0.324,2,-999,-999,0.006,2,108,-999,58,8,3,1.4
8,20,18.0,24.0,0.0049,316,0.324,2,-999,-999,0.0087,2,108,-999,58,8,3,1.4
9,20,18.0,20.0,0.0049,317,0.324,2,-999,-999,0.0111,2,108,-999,58,8,3,1.4
10,20,18.0,20.0,0.0049,318,0.324,2,-999,-999,0.0132,2,108,-999,58,8,3,1.4
11,20,18.0,8.0,0.0049,319,0.324,2,-999,-999,0.0132,2,108,-999,58,8,3,1.4
12,20,18.0,20.0,0.0049,320,0.324,2,-999,-999,0.0139,2,108,-999,58,8,3,1.4
13,20,18.0,20.0,0.0049,321,0.324,2,-999,-999,0.0117,2,108,-999,58,8,3,1.4
14,20,18.0,20.0,0.0049,322,0.324,2,-999,-999,0.0094,2,108,-999,58,8,3,1.4
15,20,18.0,20.0,0.0049,323,0.324,2,-999,-999,0.0073,2,108,-999,58,8,3,1.4
16,20,18.0,24.0,0.0049,324,0.324,2,-999,-999,0.0049,2,108,-999,58,8,3,1.4
17,20,18.0,24.0,0.0049,325,0.324,2,-999,-999,0.0026,2,108,-999,58,8,3,1.4
18,20,18.0,24.0,0.0049,326,0.324,2,-999,-999,0.0026,2,108,-999,58,8,3,1.4
19,20,18.0,24.0,0.0049,327,0.324,2,-999,-999,0.0053,2,108,-999,58,8,3,1.4
20,20,18.0,24.0,0.0049,328,0.324,2,-999,-999,0.0079,2,108,-999,58,8,3,1.4
21,20,18.0,20.0,0.0049,329,0.324,2,-999,-999,0.0107,2,108,-999,58,8,3,1.4
22,20,18.0,20.0,0.0049,330,0.324,2,-999,-999,0.013,2,108,-999,58,8,3,1.4
23,20,18.0,20.0,0.0049,331,0.324,2,-999,-999,0.0123,2,109,-999,59,9,3,1.4
24,20,18.0,20.0,0.0049,332,0.324,2,-999,-999,0.0126,2,109,-999,59,9,3,1.4
25,20,18.0,24.0,0.0049,333,0.324,2,-999,-999,0.0098,2,109,-999,59,9,3,1.4
26,20,18.0,24.0,0.0049,334,0.324,2,-999,-999,0.007,2,109,-999,59,9,3,1.4
27,20,18.0,24.0,0.0049,335,0.324,2,-999,-999,0.0043,2,109,-999,59,9,3,1.4
28,20,18.0,24.0,0.0049,336,0.324,2,-999,-999,0.0019,2,109,-999,59,9,3,1.4
29,20,18.0,24.0,0.0049,337,0.324,2,-999,-999,0.0034,2,109,-999,59,9,3,1.4
30,20,18.0,24.0,0.0049,338,0.324,2,-999,-999,0.006,2,109,-999,59,9,3,1.4
31,20,18.0,24.0,0.0049,339,0.324,2,-999,-999,0.0087,2,109,-999,59,9,3,1.4
32,20,18.0,24.0,0.0049,340,0.324,2,-999,-999,0.0115,2,109,-999,59,9,3,1.4
33,20,18.0,24.0,0.0049,341,0.324,2,-999,-999,0.0114,2,109,-999,59,9,3,1.4
34,20,18.0,16.0,0.0049,342,0.324,2,-999,-999,0.0137,2,109,-999,59,9,3,1.4
35,20,18.0,16.0,0.0049,343,0.324,2,-999,-999,0.0125,2,109,-999,59,9,3,1.4
36,20,18.0,16.0,0.0049,344,0.324,2,-999,-999,0.0138,2,109,-999,59,9,3,1.4
37,20,18.0,21.0,0.0049,345,0.324,2,-999,-999,0.0131,2,109,-999,59,9,3,1.4
38,20,18.0,24.0,0.0049,346,0.324,2,-999,-999,0.0117,2,109,-999,59,9,3,1.4
39,20,18.0,24.0,0.0049,347,0.324,2,-999,-999,0.0081,2,109,-999,59,9,3,1.4
40,20,18.0,24.0,0.0049,348,0.324,2,-999,-999,0.0045,2,109,-999,59,9,3,1.4
41,20,18.0,23.0,0.0049,349,0.324,2,-999,-999,0.0025,2,109,-999,59,9,3,1.4
42,20,18.0,24.0,0.0049,350,0.324,2,-999,-999,0.0049,2,109,-999,59,9,3,1.4
43,20,18.0,24.0,0.0049,351,0.324,2,-999,-999,0.0083,2,109,-999,59,9,3,1.4
44,20,18.0,24.0,0.0049,352,0.324,2,-999,-999,0.0119,2,109,-999,59,9,3,1.4
45,20,18.0,20.0,0.0049,353,0.324,2,-999,-999,0.0123,2,110,-999,60,10,3,1.4
46,20,18.0,20.0,0.0049,354,0.324,2,-999,-999,0.0126,2,110,-999,60,10,3,1.4
47,20,18.0,24.0,0.0049,355,0.324,2,-999,-999,0.0098,2,110,-999,60,10,3,1.4
48,20,18.0,24.0,0.0049,356,0.324,2,-999,-999,0.007,2,110,-999,60,10,3,1.4
49,20,18.0,24.0,0.0049,357,0.324,2,-999,-999,0.0045,2,110,-999,60,10,3,1.4
50,20,18.0,24.0,0.0049,358,0.324,2,-999,-999,0.0019,2,110,-999,60,10,3,1.4
51,20,18.0,24.0,0.0049,359,0.324,2,-999,-999,0.0034,2,110,-999,60,10,3,1.4
52,20,18.0,24.0,0.0049,360,0.324,2,-999,-999,0.006,2,110,-999,60,10,3,1.4
53,20,18.0,24.0,0.0049,361,0.324,2,-999,-999,0.0087,2,110,-999,60,10,3,1.4
54,20,18.0,24.0,0.0049,362,0.324,2,-999,-999,0.0115,2,110,-999,60,10,3,1.4
55,20,18.0,24.0,0.0049,363,0.324,2,-999,-999,0.0114,2,110,-999,60,10,3,1.4
56,20,18.0,16.0,0.0049,364,0.324,2,-999,-999,0.0125,2,110,-999,60,10,3,1.4
57,20,18.0,16.0,0.0049,365,0.324,2,-999,-999,0.0138,2,110,-999,60,10,3,1.4
58,20,18.0,20.0,0.0049,366,0.324,2,-999,-999,0.0145,2,110,-999,60,10,3,1.4
59,20,18.0,20.0,0.0049,367,0.324,2,-999,-999,0.0122,2,110,-999,60,10,3,1.4
60,20,18.0,20.0,0.0049,368,0.324,2,-999,-999,0.0098,2,110,-999,60,10,3,1.4
61,20,18.0,24.0,0.0049,369,0.324,2,-999,-999,0.0077,2,110,-999,60,10,3,1.4
62,20,18.0,24.0,0.0049,370,0.324,2,-999,-999,0.0048,2,110,-999,60,10,3,1.4
63,20,18.0,24.0,0.0049,371,0.324,2,-999,-999,0.0026,2,110,-999,60,10,3,1.4
64,20,18.0,24.0,0.0049,372,0.324,2,-999,-999,0.0026,2,110,-999,60,10,3,1.4
65,20,18.0,24.0,0.0049,373,0.324,2,-999,-999,0.0053,2,110,-999,60,10,3,1.4
66,20,18.0,24.0,0.0049,374,0.324,2,-999,-999,0.008,2,110,-999,60,10,3,1.4
67,20,18.0,20.0,0.0049,375,0.324,2,-999,-999,0.0123,2,111,-999,61,11,3,1.4
68,20,18.0,20.0,0.0049,376,0.324,2,-999,-999,0.0126,2,111,-999,61,11,3,1.4
69,20,18.0,24.0,0.0049,377,0.324,2,-999,-999,0.0098,2,111,-999,61,11,3,1.4
70,20,18.0,24.0,0.0049,378,0.324,2,-999,-999,0.007,2,111,-999,61,11,3,1.4
71,20,18.0,24.0,0.0049,379,0.324,2,-999,-999,0.0045,2,111,-999,61,11,3,1.4
72,20,18.0,24.0,0.0049,380,0.324,2,-999,-999,0.0019,2,111,-999,61,11,3,1.4
73,20,18.0,24.0,0.0049,381,0.324,2,-999,-999,0.0034,2,111,-999,61,11,3,1.4
74,20,18.0,24.0,0.0049,382,0.324,2,-999,-999,0.006,2,111,-999,61,11,3,1.4
75,20,18.0,24.0,0.0049,383,0.324,2,-999,-999,0.0087,2,111,-999,61,11,3,1.4
76,20,18.0,24.0,0.0049,384,0.324,2,-999,-999,0.0115,2,111,-999,61,11,3,1.4
77,20,18.0,20.0,0.0049,385,0.324,2,-999,-999,0.0114,2,111,-999,61,11,3,1.4
78,20,18.0,20.0,0.0049,386,0.324,2,-999,-999,0.0132,2,111,-999,61,11,3,1.4
79,20,18.0,20.0,0.0049,387,0.324,2,-999,-999,0.0145,2,111,-999,61,11,3,1.4
80,20,18.0,20.0,0.0049,388,0.324,2,-999,-999,0.0122,2,111,-999,61,11,3,1.4
81,20,18.0,20.0,0.0049,389,0.324,2,-999,-999,0.0098,2,111,-999,61,11,3,1.4
82,20,18.0,24.0,0.0049,390,0.324,2,-999,-999,0.0077,2,111,-999,61,11,3,1.4
83,20,18.0,24.0,0.0049,391,0.324,2,-999,-999,0.0049,2,111,-999,61,11,3,1.4
84,20,18.0,24.0,0.0049,392,0.324,2,-999,-999,0.0026,2,111,-999,61,11,3,1.4
85,20,18.0,24.0,0.0049,393,0.324,2,-999,-999,0.0026,2,111,-999,61,11,3,1.4
86,20,18.0,24.0,0.0049,394,0.324,2,-999,-999,0.0053,2,111,-999,61,11,3,1.4
87,20,18.0,20.0,0.0049,395,0.324,2,-999,-999,0.0079,2,111,-999,61,11,3,1.4
88,20,18.0,20.0,0.0049,396,0.324,2,-999,-999,0.0102,2,111,-999,61,11,3,1.4
89,20,18.0,22.0,0.0049,397,0.324,2,-999,-999,0.0143,2,112,-999,62,12,3,1.4
90,20,18.0,22.0,0.0049,398,0.324,2,-999,-999,0.0085,2,112,-999,62,12,3,1.4
91,20,18.0,22.0,0.0049,399,0.324,2,-999,-999,0.0124,2,112,-999,62,12,3,1.4
92,20,18.0,22.0,0.0049,400,0.324,2,-999,-999,0.0149,2,112,-999,62,12,3,1.4
93,20,18.0,20.0,0.0049,401,0.324,2,-999,-999,0.0083,2,112,-999,62,12,3,1.4
94,20,18.0,20.0,0.0049,402,0.324,2,-999,-999,0.0062,2,112,-999,62,12,3,1.4
95,20,18.0,24.0,0.0049,403,0.324,2,-999,-999,0.0034,2,112,-999,62,12,3,1.4
96,20,18.0,24.0,0.0049,404,0.324,2,-999,-999,0.0015,2,112,-999,62,12,3,1.4
97,20,18.0,24.0,0.0049,405,0.324,2,-999,-999,0.0045,2,112,-999,62,12,3,1.4
98,20,18.0,24.0,0.0049,406,0.324,2,-999,-999,0.007,2,112,-999,62,12,3,1.4
99,20,18.0,20.0,0.0049,407,0.324,2,-999,-999,0.0094,2,112,-999,62,12,3,1.4
100,20,18.0,20.0,0.0049,408,0.324,2,-999,-999,0.0115,2,112,-999,62,12,3,1.4
101,20,18.0,24.0,0.0049,409,0.324,2,-999,-999,0.0106,2,112,-999,62,12,3,1.4
102,20,18.0,24.0,0.0049,410,0.324,2,-999,-999,0.0066,2,112,-999,62,12,3,1.4
103,20,18.0,24.0,0.0049,411,0.324,2,-999,-999,0.0041,2,112,-999,62,12,3,1.4
104,20,18.0,24.0,0.0049,412,0.324,2,-999,-999,0.0015,2,112,-999,62,12,3,1.4
105,20,18.0,24.0,0.0049,413,0.324,2,-999,-999,0.0034,2,112,-999,62,12,3,1.4
106,20,18.0,24.0,0.0049,414,0.324,2,-999,-999,0.0062,2,112,-999,62,12,3,1.4
107,20,18.0,24.0,0.0049,415,0.324,2,-999,-999,0.0089,2,112,-999,62,12,3,1.4
108,20,18.0,20.0,0.0049,416,0.324,2,-999,-999,0.012,2,112,-999,62,12,3,1.4
109,20,18.0,20.0,0.0049,417,0.324,2,-999,-999,0.0132,2,112,-999,62,12,3,1.4
110,20,18.0,20.0,0.0049,418,0.324,2,-999,-999,0.0128,2,112,-999,62,12,3,1.4
111,20,18.0,24.0,0.0049,419,0.324,2,-999,-999,0.0138,2,113,-999,63,13,3,1.4
112,20,18.0,24.0,0.0049,420,0.324,2,-999,-999,0.011,2,113,-999,63,13,3,1.4
113,20,18.0,24.0,0.0049,421,0.324,2,-999,-999,0.008,2,113,-999,63,13,3,1.4
114,20,18.0,24.0,0.0049,422,0.324,2,-999,-999,0.005,2,113,-999,63,13,3,1.4
115,20,18.0,24.0,0.0049,423,0.324,2,-999,-999,0.0019,2,113,-999,63,13,3,1.4
116,20,18.0,24.0,0.0049,424,0.324,2,-999,-999,0.0034,2,113,-999,63,13,3,1.4
117,20,18.0,24.0,0.0049,425,0.324,2,-999,-999,0.006,2,113,-999,63,13,3,1.4
118,20,18.0,24.0,0.0049,426,0.324,2,-999,-999,0.0087,2,113,-999,63,13,3,1.4
119,20,18.0,20.0,0.0049,427,0.324,2,-999,-999,0.011,2,113,-999,63,13,3,1.4
120,20,18.0,20.0,0.0049,428,0.324,2,-999,-999,0.013,2,113,-999,63,13,3,1.4
121,20,18.0,16.0,0.0049,429,0.324,2,-999,-999,0.012,2,113,-999,63,13,3,1.4
122,20,18.0,12.0,0.0049,430,0.324,2,-999,-999,0.012,2,113,-999,63,13,3,1.4
123,20,18.0,20.0,0.0049,431,0.324,2,-999,-999,0.014,2,113,-999,63,13,3,1.4
124,20,18.0,20.0,0.0049,432,0.324,2,-999,-999,0.012,2,113,-999,63,13,3,1.4
125,20,18.0,20.0,0.0049,433,0.324,2,-999,-999,0.0094,2,113,-999,63,13,3,1.4
126,20,18.0,20.0,0.0049,434,0.324,2,-999,-999,0.0073,2,113,-999,63,13,3,1.4
127,20,18.0,24.0,0.0049,435,0.324,2,-999,-999,0.005,2,113,-999,63,13,3,1.4
128,20,18.0,24.0,0.0049,436,0.324,2,-999,-999,0.0026,2,113,-999,63,13,3,1.4
129,20,18.0,24.0,0.0049,437,0.324,2,-999,-999,0.0026,2,113,-999,63,13,3,1.4
130,20,18.0,20.0,0.0049,438,0.324,2,-999,-999,0.0053,2,113,-999,63,13,3,1.4
131,20,18.0,20.0,0.0049,439,0.324,2,-999,-999,0.0075,2,113,-999,63,13,3,1.4
132,20,18.0,20.0,0.0049,440,0.324,2,-999,-999,0.0098,2,113,-999,63,13,3,1.4
133,20,18.0,20.0,0.0049,441,0.324,2,-999,-999,0.012,2,113,-999,63,13,3,1.4
134,20,18.0,20.0,0.0049,442,0.324,2,-999,-999,0.0084,2,114,-999,64,14,3,1.4
135,20,18.0,20.0,0.0049,443,0.324,2,-999,-999,0.0084,2,114,-999,64,14,3,1.4
136,20,18.0,20.0,0.0049,444,0.324,2,-999,-999,0.0084,2,114,-999,64,14,3,1.4
137,20,18.0,24.0,0.0049,445,0.324,2,-999,-999,0.0084,2,114,-999,64,14,3,1.4
138,20,18.0,24.0,0.0049,446,0.324,2,-999,-999,0.0084,2,114,-999,64,14,3,1.4
139,20,18.0,24.0,0.0049,447,0.324,2,-999,-999,0.0084,2,114,-999,64,14,3,1.4
140,20,18.0,24.0,0.0049,448,0.324,2,-999,-999,0.0084,2,114,-999,64,14,3,1.4
141,20,18.0,24.0,0.0049,449,0.324,2,-999,-999,0.0084,2,114,-999,64,14,3,1.4
142,20,18.0,24.0,0.0049,450,0.324,2,-999,-999,0.0084,2,114,-999,64,14,3,1.4
143,20,18.0,24.0,0.0049,451,0.324,2,-999,-999,0.0084,2,114,-999,64,14,3,1.4
144,20,18.0,24.0,0.0049,452,0.324,2,-999,-999,0.0084,2,114,-999,64,14,3,1.4
145,20,18.0,20.0,0.0049,453,0.324,2,-999,-999,0.0084,2,114,-999,64,14,3,1.4
146,20,18.0,16.0,0.0049,454,0.324,2,-999,-999,0.0084,2,114,-999,64,14,3,1.4
147,20,18.0,16.0,0.0049,455,0.324,2,-999,-999,0.0084,2,114,-999,64,14,3,1.4
148,20,18.0,16.0,0.0049,456,0.324,2,-999,-999,0.0084,2,114,-999,64,14,3,1.4
149,20,18.0,20.0,0.0049,457,0.324,2,-999,-999,0.0084,2,114,-999,64,14,3,1.4
150,20,18.0,22.0,0.0049,458,0.324,2,-999,-999,0.0084,2,114,-999,64,14,3,1.4
151,20,18.0,22.0,0.0049,459,0.324,2,-999,-999,0.0084,2,114,-999,64,14,3,1.4
152,20,18.0,24.0,0.0049,460,0.324,2,-999,-999,0.0084,2,114,-999,64,14,3,1.4
153,20,18.0,24.0,0.0049,461,0.324,2,-999,-999,0.0084,2,114,-999,64,14,3,1.4
154,20,18.0,20.0,0.0049,462,0.324,2,-999,-999,0.0084,2,114,-999,64,14,3,1.4
155,20,18.0,20.0,0.0049,463,0.324,2,-999,-999,0.0084,2,114,-999,64,14,3,1.4
156,20,18.0,20.0,0.0049,464,0.324,2,-999,-999,0.0084,2,114,-999,64,14,3,1.4
157,20,18.0,20.0,0.0049,465,0.324,2,-999,-999,0.0084,2,115,-999,65,15,3,1.4
158,20,18.0,21.0,0.0049,466,0.324,2,-999,-999,0.0084,2,115,-999,65,15,3,1.4
159,20,18.0,23.0,0.0049,467,0.324,2,-999,-999,0.0084,2,115,-999,65,15,3,1.4
160,20,18.0,24.0,0.0049,468,0.324,2,-999,-999,0.0084,2,115,-999,65,15,3,1.4
161,20,18.0,24.0,0.0049,469,0.324,2,-999,-999,0.0084,2,115,-999,65,15,3,1.4
162,20,18.0,24.0,0.0049,470,0.324,2,-999,-999,0.0084,2,115,-999,65,15,3,1.4
163,20,18.0,24.0,0.0049,471,0.324,2,-999,-999,0.0084,2,115,-999,65,15,3,1.4
164,20,18.0,24.0,0.0049,472,0.324,2,-999,-999,0.0084,2,115,-999,65,15,3,1.4
165,20,18.0,24.0,0.0049,473,0.324,2,-999,-999,0.0084,2,115,-999,65,15,3,1.4
166,20,18.0,24.0,0.0049,474,0.324,2,-999,-999,0.0084,2,115,-999,65,15,3,1.4
167,20,18.0,20.0,0.0049,475,0.324,2,-999,-999,0.0084,2,115,-999,65,15,3,1.4
168,20,18.0,16.0,0.0049,476,0.324,2,-999,-999,0.0084,2,115,-999,65,15,3,1.4
169,20,18.0,16.0,0.0049,477,0.324,2,-999,-999,0.0084,2,115,-999,65,15,3,1.4
170,20,18.0,16.0,0.0049,478,0.324,2,-999,-999,0.0084,2,115,-999,65,15,3,1.4
171,20,18.0,16.0,0.0049,479,0.324,2,-999,-999,0.0084,2,115,-999,65,15,3,1.4
172,20,18.0,22.0,0.0049,480,0.324,2,-999,-999,0.0084,2,115,-999,65,15,3,1.4
173,20,18.0,23.0,0.0049,481,0.324,2,-999,-999,0.0084,2,115,-999,65,15,3,1.4
174,20,18.0,23.0,0.0049,482,0.324,2,-999,-999,0.0084,2,115,-999,65,15,3,1.4
175,20,18.0,24.0,0.0049,483,0.324,2,-999,-999,0.0084,2,115,-999,65,15,3,1.4
176,20,18.0,24.0,0.0049,484,0.324,2,-999,-999,0.0084,2,115,-999,65,15,3,1.4
177,20,18.0,20.0,0.0049,485,0.324,2,-999,-999,0.0084,2,115,-999,65,15,3,1.4
178,20,18.0,20.0,0.0049,486,0.324,2,-999,-999,0.0084,2,115,-999,65,15,3,1.4
179,20,18.0,20.0,0.0049,487,0.324,2,-999,-999,0.0084,2,115,-999,65,15,3,1.4
180,20,18.0,20.0,0.0049,488,0.324,2,-999,-999,0.0084,2,116,-999,66,16,3,1.4
181,20,18.0,20.0,0.0049,489,0.324,2,-999,-999,0.0084,2,116,-999,66,16,3,1.4
182,20,18.0,20.0,0.0049,490,0.324,2,-999,-999,0.0084,2,116,-999,66,16,3,1.4
183,20,18.0,20.0,0.0049,491,0.324,2,-999,-999,0.0084,2,116,-999,66,16,3,1.4
184,20,18.0,20.0,0.0049,492,0.324,2,-999,-999,0.0084,2,116,-999,66,16,3,1.4
185,20,18.0,20.0,0.0049,493,0.324,2,-999,-999,0.0084,2,116,-999,66,16,3,1.4
186,20,18.0,24.0,0.0049,494,0.324,2,-999,-999,0.0084,2,116,-999,66,16,3,1.4
187,20,18.0,24.0,0.0049,495,0.324,2,-999,-999,0.0084,2,116,-999,66,16,3,1.4
188,20,18.0,24.0,0.0049,496,0.324,2,-999,-999,0.0084,2,116,-999,66,16,3,1.4
189,20,18.0,24.0,0.0049,497,0.324,2,-999,-999,0.0084,2,116,-999,66,16,3,1.4
190,20,18.0,24.0,0.0049,498,0.324,2,-999,-999,0.0084,2,116,-999,66,16,3,1.4
191,20,18.0,24.0,0.0049,499,0.324,2,-999,-999,0.0084,2,116,-999,66,16,3,1.4
192,20,18.0,24.0,0.0049,500,0.324,2,-999,-999,0.0084,2,116,-999,66,16,3,1.4
193,20,18.0,24.0,0.0049,501,0.324,2,-999,-999,0.0084,2,116,-999,66,16,3,1.4
194,20,18.0,20.0,0.0049,502,0.324,2,-999,-999,0.0084,2,116,-999,66,16,3,1.4
195,20,18.0,20.0,0.0049,503,0.324,2,-999,-999,0.0084,2,116,-999,66,16,3,1.4
196,20,18.0,20.0,0.0049,504,0.324,2,-999,-999,0.0084,2,116,-999,66,16,3,1.4
197,20,18.0,24.0,0.0049,505,0.324,2,-999,-999,0.0084,2,116,-999,66,16,3,1.4
198,20,18.0,24.0,0.0049,506,0.324,2,-999,-999,0.0084,2,116,-999,66,16,3,1.4
199,20,18.0,24.0,0.0049,507,0.324,2,-999,-999,0.0084,2,116,-999,66,16,3,1.4
200,20,18.0,24.0,0.0049,508,0.324,2,-999,-999,0.0084,2,116,-999,66,16,3,1.4
201,20,18.0,24.0,0.0049,509,0.324,2,-999,-999,0.0084,2,116,-999,66,16,3,1.4
202,20,18.0,20.0,0.0049,510,0.324,2,-999,-999,0.0084,2,117,-999,67,17,3,1.4
203,20,18.0,20.0,0.0049,511,0.324,2,-999,-999,0.0084,2,117,-999,67,17,3,1.4
204,20,18.0,20.0,0.0049,512,0.324,2,-999,-999,0.0084,2,117,-999,67,17,3,1.4
205,20,18.0,24.0,0.0049,513,0.324,2,-999,-999,0.0084,2,117,-999,67,17,3,1.4
206,20,18.0,24.0,0.0049,514,0.324,2,-999,-999,0.0084,2,117,-999,67,17,3,1.4
207,20,18.0,16.0,0.0049,515,0.324,2,-999,-999,0.0084,2,117,-999,67,17,3,1.4
208,20,18.0,16.0,0.0049,516,0.324,2,-999,-999,0.0084,2,117,-999,67,17,3,1.4
209,20,18.0,20.0,0.0049,517,0.324,2,-999,-999,0.0084,2,117,-999,67,17,3,1.4
210,20,18.0,20.0,0.0049,518,0.324,2,-999,-999,0.0084,2,117,-999,67,17,3,1.4
211,20,18.0,24.0,0.0049,519,0.324,2,-999,-999,0.0084,2,117,-999,67,17,3,1.4
212,20,18.0,24.0,0.0049,520,0.324,2,-999,-999,0.0084,2,117,-999,67,17,3,1.4
213,20,18.0,24.0,0.0049,521,0.324,2,-999,-999,0.0084,2,117,-999,67,17,3,1.4
214,20,18.0,24.0,0.0049,522,0.324,2,-999,-999,0.0084,2,117,-999,67,17,3,1.4
215,20,18.0,24.0,0.0049,523,0.324,2,-999,-999,0.0084,2,117,-999,67,17,3,1.4
216,20,18.0,24.0,0.0049,524,0.324,2,-999,-999,0.0084,2,117,-999,67,17,3,1.4
217,20,18.0,24.0,0.0049,525,0.324,2,-999,-999,0.0084,2,117,-999,67,17,3,1.4
218,20,18.0,24.0,0.0049,526,0.324,2,-999,-999,0.0084,2,117,-999,67,17,3,1.4
219,20,18.0,24.0,0.0049,527,0.324,2,-999,-999,0.0084,2,117,-999,67,17,3,1.4
220,20,18.0,20.0,0.0049,528,0.324,2,-999,-999,0.0084,2,117,-999,67,17,3,1.4
221,20,18.0,20.0,0.0049,529,0.324,2,-999,-999,0.0084,2,117,-999,67,17,3,1.4
222,20,18.0,20.0,0.0049,530,0.324,2,-999,-999,0.0084,2,117,-999,67,17,3,1.4
223,20,18.0,20.0,0.0049,531,0.324,2,-999,-999,0.0084,2,117,-999,67,17,3,1.4
224,20,18.0,16.0,0.0049,532,0.324,2,-999,-999,0.0084,2,117,-999,67,17,3,1.4
225,20,18.0,20.0,0.0049,533,0.324,2,-999,-999,0.0084,2,118,-999,68,18,3,1.4
226,20,18.0,20.0,0.0049,534,0.324,2,-999,-999,0.0084,2,118,-999,68,18,3,1.4
227,20,18.0,20.0,0.0049,535,0.324,2,-999,-999,0.0084,2,118,-999,68,18,3,1.4
228,20,18.0,20.0,0.0049,536,0.324,2,-999,-999,0.0084,2,118,-999,68,18,3,1.4
229,20,18.0,20.0,0.0049,537,0.324,2,-999,-999,0.0084,2,118,-999,68,18,3,1.4
230,20,18.0,20.0,0.0049,538,0.324,2,-999,-999,0.0084,2,118,-999,68,18,3,1.4
231,20,18.0,24.0,0.0049,539,0.324,2,-999,-999,0.0084,2,118,-999,68,18,3,1.4
232,20,18.0,24.0,0.0049,540,0.324,2,-999,-999,0.0084,2,118,-999,68,18,3,1.4
233,20,18.0,24.0,0.0049,541,0.324,2,-999,-999,0.0084,2,118,-999,68,18,3,1.4
234,20,18.0,24.0,0.0049,542,0.324,2,-999,-999,0.0084,2,118,-999,68,18,3,1.4
235,20,18.0,24.0,0.0049,543,0.324,2,-999,-999,0.0084,2,118,-999,68,18,3,1.4
236,20,18.0,24.0,0.0049,544,0.324,2,-999,-999,0.0084,2,118,-999,68,18,3,1.4
237,20,18.0,24.0,0.0049,545,0.324,2,-999,-999,0.0084,2,118,-999,68,18,3,1.4
238,20,18.0,24.0,0.0049,546,0.324,2,-999,-999,0.0084,2,118,-999,68,18,3,1.4
239,20,18.0,24.0,0.0049,547,0.324,2,-999,-999,0.0084,2,118,-999,68,18,3,1.4
240,20,18.0,24.0,0.0049,548,0.324,2,-999,-999,0.0084,2,118,-999,68,18,3,1.4
241,20,18.0,20.0,0.0049,549,0.324,2,-999,-999,0.0084,2,118,-999,68,18,3,1.4
242,20,18.0,20.0,0.0049,550,0.324,2,-999,-999,0.0084,2,118,-999,68,18,3,1.4
243,20,18.0,20.0,0.0049,551,0.324,2,-999,-999,0.0084,2,118,-999,68,18,3,1.4
244,20,18.0,24.0,0.0049,552,0.324,2,-999,-999,0.0084,2,118,-999,68,18,3,1.4
245,20,18.0,24.0,0.0049,553,0.324,2,-999,-999,0.0084,2,118,-999,68,18,3,1.4
246,20,18.0,24.0,0.0049,554,0.324,2,-999,-999,0.0084,2,118,-999,68,18,3,1.4
247,19,18.0,20.0,0.0049,555,0.318,2,-999,-999,0.0084,2,119,-999,69,19,4,2.8
248,19,18.0,20.0,0.0049,556,0.318,2,-999,-999,0.0084,2,119,-999,69,19,4,2.8
249,19,18.0,24.0,0.0049,557,0.318,2,-999,-999,0.0084,2,119,-999,69,19,4,2.8
250,19,18.0,24.0,0.0049,558,0.318,2,-999,-999,0.0084,2,119,-999,69,19,4,2.8
251,19,18.0,24.0,0.0049,559,0.318,2,-999,-999,0.0084,2,119,-999,69,19,4,2.8
252,19,18.0,24.0,0.0049,560,0.318,2,-999,-999,0.0084,2,119,-999,69,19,4,2.8
253,19,18.0,24.0,0.0049,561,0.318,2,-999,-999,0.0084,2,119,-999,69,19,4,2.8
254,19,18.0,24.0,0.0049,562,0.318,2,-999,-999,0.0084,2,119,-999,69,19,4,2.8
255,19,18.0,20.0,0.0049,563,0.318,2,-999,-999,0.0084,2,119,-999,69,19,4,2.8
256,19,18.0,20.0,0.0049,564,0.318,2,-999,-999,0.0084,2,119,-999,69,19,4,2.8
257,19,18.0,20.0,0.0049,565,0.318,2,-999,-999,0.0084,2,119,-999,69,19,4,2.8
258,19,18.0,20.0,0.0049,566,0.318,2,-999,-999,0.0084,2,119,-999,69,19,4,2.8
259,19,18.0,20.0,0.0049,567,0.318,2,-999,-999,0.0084,2,119,-999,69,19,4,2.8
260,19,18.0,24.0,0.0049,568,0.318,2,-999,-999,0.0084,2,119,-999,69,19,4,2.8
261,19,18.0,24.0,0.0049,569,0.318,2,-999,-999,0.0084,2,119,-999,69,19,4,2.8
262,19,18.0,24.0,0.0049,570,0.318,2,-999,-999,0.0084,2,119,-999,69,19,4,2.8
263,19,18.0,24.0,0.0049,571,0.318,2,-999,-999,0.0084,2,119,-999,69,19,4,2.8
264,19,18.0,24.0,0.0049,572,0.318,2,-999,-999,0.0084,2,119,-999,69,19,4,2.8
265,19,18.0,24.0,0.0049,573,0.318,2,-999,-999,0.0084,2,119,-999,69,19,4,2.8
266,19,18.0,20.0,0.0049,574,0.318,2,-999,-999,0.0084,2,119,-999,69,19,4,2.8
267,19,18.0,20.0,0.0049,575,0.318,2,-999,-999,0.0084,2,119,-999,69,19,4,2.8
268,19,18.0,20.0,0.0049,576,0.318,2,-999,-999,0.0084,2,119,-999,69,19,4,2.8
269,19,18.0,24.0,0.0049,577,0.292,2,-999,-999,0.0084,2,120,-999,70,20,4,2.8
270,19,18.0,24.0,0.0049,578,0.292,2,-999,-999,0.0084,2,120,-999,70,20,4,2.8
271,19,18.0,24.0,0.0049,579,0.292,2,-999,-999,0.0084,2,120,-999,70,20,4,2.8
272,19,18.0,24.0,0.0049,580,0.292,2,-999,-999,0.0084,2,120,-999,70,20,4,2.8
273,19,18.0,24.0,0.0049,581,0.292,2,-999,-999,0.0084,2,120,-999,70,20,4,2.8
274,19,18.0,24.0,0.0049,582,0.292,2,-999,-999,0.0084,2,120,-999,70,20,4,2.8
275,19,18.0,20.0,0.0049,583,0.292,2,-999,-999,0.0084,2,120,-999,70,20,4,2.8
276,19,18.0,20.0,0.0049,584,0.292,2,-999,-999,0.0084,2,120,-999,70,20,4,2.8
277,19,18.0,24.0,0.0049,585,0.292,2,-999,-999,0.0084,2,120,-999,70,20,4,2.8
278,19,18.0,24.0,0.0049,586,0.292,2,-999,-999,0.0084,2,120,-999,70,20,4,2.8
279,19,18.0,24.0,0.0049,587,0.292,2,-999,-999,0.0084,2,120,-999,70,20,4,2.8
280,19,18.0,24.0,0.0049,588,0.292,2,-999,-999,0.0084,2,120,-999,70,20,4,2.8
281,19,18.0,24.0,0.0049,589,0.292,2,-999,-999,0.0084,2,120,-999,70,20,4,2.8
282,19,18.0,20.0,0.0049,590,0.292,2,-999,-999,0.0084,2,120,-999,70,20,4,2.8
283,19,18.0,20.0,0.0049,591,0.292,2,-999,-999,0.0084,2,120,-999,70,20,4,2.8
284,19,18.0,24.0,0.0049,592,0.292,2,-999,-999,0.0084,2,120,-999,70,20,4,2.8
285,19,18.0,24.0,0.0049,593,0.292,2,-999,-999,0.0084,2,120,-999,70,20,4,2.8
286,19,18.0,24.0,0.0049,594,0.292,2,-999,-999,0.0084,2,120,-999,70,20,4,2.8
287,19,18.0,24.0,0.0049,595,0.292,2,-999,-999,0.0084,2,120,-999,70,20,4,2.8
288,19,18.0,24.0,0.0049,596,0.292,2,-999,-999,0.0084,2,120,-999,70,20,4,2.8
289,19,18.0,24.0,0.0049,597,0.292,2,-999,-999,0.0084,2,120,-999,70,20,4,2.8
290,19,18.0,20.0,0.0049,598,0.292,2,-999,-999,0.0084,2,121,-999,71,21,4,2.8
291,19,18.0,24.0,0.0049,599,0.292,2,-999,-999,0.0084,2,121,-999,71,21,4,2.8
292,19,18.0,24.0,0.0049,600,0.292,2,-999,-999,0.0084,2,121,-999,71,21,4,2.8
293,19,18.0,24.0,0.0049,601,0.292,2,-999,-999,0.0084,2,121,-999,71,21,4,2.8
294,19,18.0,24.0,0.0049,602,0.292,2,-999,-999,0.0084,2,121,-999,71,21,4,2.8
295,19,18.0,24.0,0.0049,603,0.292,2,-999,-999,0.0084,2,121,-999,71,21,4,2.8
296,19,18.0,24.0,0.0049,604,0.292,2,-999,-999,0.0084,2,121,-999,71,21,4,2.8
297,19,18.0,20.0,0.0049,605,0.292,2,-999,-999,0.0084,2,121,-999,71,21,4,2.8
298,19,18.0,24.0,0.0049,606,0.292,2,-999,-999,0.0084,2,121,-999,71,21,4,2.8
299,19,18.0,24.0,0.0049,607,0.292,2,-999,-999,0.0084,2,121,-999,71,21,4,2.8
300,19,18.0,24.0,0.0049,608,0.292,2,-999,-999,0.0084,2,121,-999,71,21,4,2.8
301,19,18.0,24.0,0.0049,609,0.292,2,-999,-999,0.0084,2,121,-999,71,21,4,2.8
302,19,18.0,24.0,0.0049,610,0.292,2,-999,-999,0.0084,2,121,-999,71,21,4,2.8
303,19,18.0,20.0,0.0049,611,0.292,2,-999,-999,0.0084,2,121,-999,71,21,4,2.8
304,19,18.0,24.0,0.0049,612,0.292,2,-999,-999,0.0084,2,121,-999,71,21,4,2.8
305,19,18.0,24.0,0.0049,613,0.292,2,-999,-999,0.0084,2,121,-999,71,21,4,2.8
306,19,18.0,24.0,0.0049,614,0.292,2,-999,-999,0.0084,2,121,-999,71,21,4,2.8
307,19,18.0,24.0,0.0049,615,0.292,2,-999,-999,0.0084,2,121,-999,71,21,4,2.8
308,19,18.0,24.0,0.0049,616,0.292,2,-999,-999,0.0084,2,121,-999,71,21,4,2.8
309,19,18.0,24.0,0.0049,617,0.292,2,-999,-999,0.0084,2,121,-999,71,21,4,2.8
310,19,18.0,20.0,0.0049,618,0.292,2,-999,-999,0.0084,2,121,-999,71,21,4,2.8
311,19,18.0,20.0,0.0049,619,0.318,2,-999,-999,0.0084,2,122,-999,72,22,4,2.8
312,19,18.0,20.0,0.0049,620,0.318,2,-999,-999,0.0084,2,122,-999,72,22,4,2.8
313,19,18.0,24.0,0.0049,621,0.318,2,-999,-999,0.0084,2,122,-999,72,22,4,2.8
314,19,18.0,24.0,0.0049,622,0.318,2,-999,-999,0.0084,2,122,-999,72,22,4,2.8
315,19,18.0,24.0,0.0049,623,0.318,2,-999,-999,0.0084,2,122,-999,72,22,4,2.8
316,19,18.0,24.0,0.0049,624,0.318,2,-999,-999,0.0084,2,122,-999,72,22,4,2.8
317,19,18.0,24.0,0.0049,625,0.318,2,-999,-999,0.0084,2,122,-999,72,22,4,2.8
318,19,18.0,24.0,0.0049,626,0.318,2,-999,-999,0.0084,2,122,-999,72,22,4,2.8
319,19,18.0,20.0,0.0049,627,0.318,2,-999,-999,0.0084,2,122,-999,72,22,4,2.8
320,19,18.0,20.0,0.0049,628,0.318,2,-999,-999,0.0084,2,122,-999,72,22,4,2.8
321,19,18.0,20.0,0.0049,629,0.318,2,-999,-999,0.0084,2,122,-999,72,22,4,2.8
322,19,18.0,20.0,0.0049,630,0.318,2,-999,-999,0.0084,2,122,-999,72,22,4,2.8
323,19,18.0,20.0,0.0049,631,0.318,2,-999,-999,0.0084,2,122,-999,72,22,4,2.8
324,19,18.0,24.0,0.0049,632,0.318,2,-999,-999,0.0084,2,122,-999,72,22,4,2.8
325,19,18.0,24.0,0.0049,633,0.318,2,-999,-999,0.0084,2,122,-999,72,22,4,2.8
326,19,18.0,24.0,0.0049,634,0.318,2,-999,-999,0.0084,2,122,-999,72,22,4,2.8
327,19,18.0,24.0,0.0049,635,0.318,2,-999,-999,0.0084,2,122,-999,72,22,4,2.8
328,19,18.0,24.0,0.0049,636,0.318,2,-999,-999,0.0084,2,122,-999,72,22,4,2.8
329,19,18.0,24.0,0.0049,637,0.318,2,-999,-999,0.0084,2,122,-999,72,22,4,2.8
330,19,18.0,20.0,0.0049,638,0.318,2,-999,-999,0.0084,2,122,-999,72,22,4,2.8
331,19,18.0,20.0,0.0049,639,0.318,2,-999,-999,0.0084,2,122,-999,72,22,4,2.8
332,19,18.0,20.0,0.0049,640,0.318,2,-999,-999,0.0084,2,122,-999,72,22,4,2.8
333,19,18.0,20.0,0.0049,641,0.318,2,-999,-999,0.0084,2,123,-999,73,23,4,2.8
334,19,18.0,20.0,0.0049,642,0.318,2,-999,-999,0.0084,2,123,-999,73,23,4,2.8
335,19,18.0,24.0,0.0049,643,0.318,2,-999,-999,0.0084,2,123,-999,73,23,4,2.8
336,19,18.0,24.0,0.0049,644,0.318,2,-999,-999,0.0084,2,123,-999,73,23,4,2.8
337,19,18.0,24.0,0.0049,645,0.318,2,-999,-999,0.0084,2,123,-999,73,23,4,2.8
338,19,18.0,24.0,0.0049,646,0.318,2,-999,-999,0.0084,2,123,-999,73,23,4,2.8
339,19,18.0,24.0,0.0049,647,0.318,2,-999,-999,0.0084,2,123,-999,73,23,4,2.8
340,19,18.0,24.0,0.0049,648,0.318,2,-999,-999,0.0084,2,123,-999,73,23,4,2.8
341,19,18.0,20.0,0.0049,649,0.318,2,-999,-999,0.0084,2,123,-999,73,23,4,2.8
342,19,18.0,20.0,0.0049,650,0.318,2,-999,-999,0.0084,2,123,-999,73,23,4,2.8
343,19,18.0,20.0,0.0049,651,0.318,2,-999,-999,0.0084,2,123,-999,73,23,4,2.8
344,19,18.0,20.0,0.0049,652,0.318,2,-999,-999,0.0084,2,123,-999,73,23,4,2.8
345,19,18.0,20.0,0.0049,653,0.318,2,-999,-999,0.0084,2,123,-999,73,23,4,2.8
346,19,18.0,24.0,0.0049,654,0.318,2,-999,-999,0.0084,2,123,-999,73,23,4,2.8
347,19,18.0,24.0,0.0049,655,0.318,2,-999,-999,0.0084,2,123,-999,73,23,4,2.8
348,19,18.0,24.0,0.0049,656,0.318,2,-999,-999,0.0084,2,123,-999,73,23,4,2.8
349,19,18.0,24.0,0.0049,657,0.318,2,-999,-999,0.0084,2,123,-999,73,23,4,2.8
350,19,18.0,24.0,0.0049,658,0.318,2,-999,-999,0.0084,2,123,-999,73,23,4,2.8
351,19,18.0,24.0,0.0049,659,0.318,2,-999,-999,0.0084,2,123,-999,73,23,4,2.8
352,19,18.0,20.0,0.0049,660,0.318,2,-999,-999,0.0084,2,123,-999,73,23,4,2.8
353,19,18.0,20.0,0.0049,661,0.318,2,-999,-999,0.0084,2,123,-999,73,23,4,2.8
354,19,18.0,20.0,0.0049,662,0.318,2,-999,-999,0.0084,2,123,-999,73,23,4,2.8
355,19,18.0,20.0,0.0049,663,0.318,2,-999,-999,0.0084,2,124,-999,74,24,4,2.8
356,19,18.0,20.0,0.0049,664,0.318,2,-999,-999,0.0084,2,124,-999,74,24,4,2.8
357,19,18.0,24.0,0.0049,665,0.318,2,-999,-999,0.0084,2,124,-999,74,24,4,2.8
358,19,18.0,20.0,0.0049,666,0.318,2,-999,-999,0.0084,2,124,-999,74,24,4,2.8
359,19,18.0,20.0,0.0049,667,0.318,2,-999,-999,0.0084,2,124,-999,74,24,4,2.8
360,19,18.0,20.0,0.0049,668,0.318,2,-999,-999,0.0084,2,124,-999,74,24,4,2.8
361,19,18.0,20.0,0.0049,669,0.318,2,-999,-999,0.0084,2,124,-999,74,24,4,2.8
362,19,18.0,20.0,0.0049,670,0.318,2,-999,-999,0.0084,2,124,-999,74,24,4,2.8
363,19,18.0,24.0,0.0049,671,0.318,2,-999,-999,0.0084,2,124,-999,74,24,4,2.8
364,19,18.0,20.0,0.0049,672,0.318,2,-999,-999,0.0084,2,124,-999,74,24,4,2.8
365,19,18.0,20.0,0.0049,673,0.318,2,-999,-999,0.0084,2,124,-999,74,24,4,2.8
366,19,18.0,20.0,0.0049,674,0.318,2,-999,-999,0.0084,2,124,-999,74,24,4,2.8
367,19,18.0,24.0,0.0049,675,0.318,2,-999,-999,0.0084,2,124,-999,74,24,4,2.8
368,19,18.0,24.0,0.0049,676,0.318,2,-999,-999,0.0084,2,124,-999,74,24,4,2.8
369,19,18.0,24.0,0.0049,677,0.318,2,-999,-999,0.0084,2,124,-999,74,24,4,2.8
370,19,18.0,24.0,0.0049,678,0.318,2,-999,-999,0.0084,2,124,-999,74,24,4,2.8
371,19,18.0,24.0,0.0049,679,0.318,2,-999,-999,0.0084,2,124,-999,74,24,4,2.8
372,19,18.0,24.0,0.0049,680,0.318,2,-999,-999,0.0084,2,124,-999,74,24,4,2.8
373,19,18.0,24.0,0.0049,681,0.318,2,-999,-999,0.0084,2,124,-999,74,24,4,2.8
374,19,18.0,24.0,0.0049,682,0.318,2,-999,-999,0.0084,2,124,-999,74,24,4,2.8
375,19,18.0,24.0,0.0049,683,0.318,2,-999,-999,0.0084,2,124,-999,74,24,4,2.8
376,19,18.0,24.0,0.0049,684,0.318,2,-999,-999,0.0084,2,124,-999,74,24,4,2.8
377,19,18.0,24.0,0.0049,685,0.318,2,-999,-999,0.0084,2,125,-999,75,25,4,2.8
378,19,18.0,24.0,0.0049,686,0.318,2,-999,-999,0.0084,2,125,-999,75,25,4,2.8
379,19,18.0,24.0,0.0049,687,0.318,2,-999,-999,0.0084,2,125,-999,75,25,4,2.8
380,19,18.0,24.0,0.0049,688,0.318,2,-999,-999,0.0084,2,125,-999,75,25,4,2.8
381,19,18.0,24.0,0.0049,689,0.318,2,-999,-999,0.0084,2,125,-999,75,25,4,2.8
382,19,18.0,20.0,0.0049,690,0.318,2,-999,-999,0.0084,2,125,-999,75,25,4,2.8
383,19,18.0,20.0,0.0049,691,0.318,2,-999,-999,0.0084,2,125,-999,75,25,4,2.8
384,19,18.0,20.0,0.0049,692,0.318,2,-999,-999,0.0084,2,125,-999,75,25,4,2.8
385,19,18.0,24.0,0.0049,693,0.318,2,-999,-999,0.0084,2,125,-999,75,25,4,2.8
386,19,18.0,24.0,0.0049,694,0.318,2,-999,-999,0.0084,2,125,-999,75,25,4,2.8
387,19,18.0,24.0,0.0049,695,0.318,2,-999,-999,0.0084,2,125,-999,75,25,4,2.8
388,19,18.0,24.0,0.0049,696,0.318,2,-999,-999,0.0084,2,125,-999,75,25,4,2.8
389,19,18.0,24.0,0.0049,697,0.318,2,-999,-999,0.0084,2,125,-999,75,25,4,2.8
390,19,18.0,24.0,0.0049,698,0.318,2,-999,-999,0.0084,2,125,-999,75,25,4,2.8
391,19,18.0,20.0,0.0049,699,0.318,2,-999,-999,0.0084,2,125,-999,75,25,4,2.8
392,19,18.0,20.0,0.0049,700,0.318,2,-999,-999,0.0084,2,125,-999,75,25,4,2.8
393,19,18.0,20.0,0.0049,701,0.318,2,-999,-999,0.0084,2,125,-999,75,25,4,2.8
394,19,18.0,20.0,0.0049,702,0.318,2,-999,-999,0.0084,2,125,-999,75,25,4,2.8
395,19,18.0,20.0,0.0049,703,0.318,2,-999,-999,0.0084,2,125,-999,75,25,4,2.8
396,19,18.0,20.0,0.0049,704,0.318,2,-999,-999,0.0084,2,125,-999,75,25,4,2.8
397,19,18.0,20.0,0.0049,705,0.318,2,-999,-999,0.0084,2,125,-999,75,25,4,2.8
398,19,18.0,24.0,0.0049,706,0.318,2,-999,-999,0.0084,2,125,-999,75,25,4,2.8
399,19,18.0,20.0,0.0049,707,0.318,2,-999,-999,0.0084,2,126,-999,76,26,4,2.8
400,19,18.0,20.0,0.0049,708,0.318,2,-999,-999,0.0084,2,126,-999,76,26,4,2.8
401,19,18.0,24.0,0.0049,709,0.318,2,-999,-999,0.0084,2,126,-999,76,26,4,2.8
402,19,18.0,24.0,0.0049,710,0.318,2,-999,-999,0.0084,2,126,-999,76,26,4,2.8
403,19,18.0,24.0,0.0049,711,0.318,2,-999,-999,0.0084,2,126,-999,76,26,4,2.8
404,19,18.0,24.0,0.0049,712,0.318,2,-999,-999,0.0084,2,126,-999,76,26,4,2.8
405,19,18.0,24.0,0.0049,713,0.318,2,-999,-999,0.0084,2,126,-999,76,26,4,2.8
406,19,18.0,24.0,0.0049,714,0.318,2,-999,-999,0.0084,2,126,-999,76,26,4,2.8
407,19,18.0,20.0,0.0049,715,0.318,2,-999,-999,0.0084,2,126,-999,76,26,4,2.8
408,19,18.0,20.0,0.0049,716,0.318,2,-999,-999,0.0084,2,126,-999,76,26,4,2.8
409,19,18.0,20.0,0.0049,717,0.318,2,-999,-999,0.0084,2,126,-999,76,26,4,2.8
410,19,18.0,20.0,0.0049,718,0.318,2,-999,-999,0.0084,2,126,-999,76,26,4,2.8
411,19,18.0,20.0,0.0049,719,0.318,2,-999,-999,0.0084,2,126,-999,76,26,4,2.8
412,19,18.0,24.0,0.0049,720,0.318,2,-999,-999,0.0084,2,126,-999,76,26,4,2.8
413,19,18.0,24.0,0.0049,721,0.318,2,-999,-999,0.0084,2,126,-999,76,26,4,2.8
414,19,18.0,24.0,0.0049,722,0.318,2,-999,-999,0.0084,2,126,-999,76,26,4,2.8
415,19,18.0,24.0,0.0049,723,0.318,2,-999,-999,0.0084,2,126,-999,76,26,4,2.8
416,19,18.0,24.0,0.0049,724,0.318,2,-999,-999,0.0084,2,126,-999,76,26,4,2.8
417,19,18.0,24.0,0.0049,725,0.318,2,-999,-999,0.0084,2,126,-999,76,26,4,2.8
418,19,18.0,20.0,0.0049,726,0.318,2,-999,-999,0.0084,2,126,-999,76,26,4,2.8
419,19,18.0,20.0,0.0049,727,0.318,2,-999,-999,0.0084,2,126,-999,76,26,4,2.8
420,19,18.0,20.0,0.0049,728,0.318,2,-999,-999,0.0084,2,126,-999,76,26,4,2.8
421,19,18.0,20.0,0.0049,729,0.318,2,-999,-999,0.0084,2,127,-999,77,27,4,2.8
422,19,18.0,20.0,0.0049,730,0.318,2,-999,-999,0.0084,2,127,-999,77,27,4,2.8
423,19,18.0,24.0,0.0049,731,0.318,2,-999,-999,0.0084,2,127,-999,77,27,4,2.8
424,19,18.0,24.0,0.0049,732,0.318,2,-999,-999,0.0084,2,127,-999,77,27,4,2.8
425,19,18.0,24.0,0.0049,733,0.318,2,-999,-999,0.0084,2,127,-999,77,27,4,2.8
426,19,18.0,24.0,0.0049,734,0.318,2,-999,-999,0.0084,2,127,-999,77,27,4,2.8
427,19,18.0,24.0,0.0049,735,0.318,2,-999,-999,0.0084,2,127,-999,77,27,4,2.8
428,19,18.0,24.0,0.0049,736,0.318,2,-999,-999,0.0084,2,127,-999,77,27,4,2.8
429,19,18.0,20.0,0.0049,737,0.318,2,-999,-999,0.0084,2,127,-999,77,27,4,2.8
430,19,18.0,20.0,0.0049,738,0.318,2,-999,-999,0.0084,2,127,-999,77,27,4,2.8
431,19,18.0,20.0,0.0049,739,0.318,2,-999,-999,0.0084,2,127,-999,77,27,4,2.8
432,19,18.0,20.0,0.0049,740,0.318,2,-999,-999,0.0084,2,127,-999,77,27,4,2.8
433,19,18.0,20.0,0.0049,741,0.318,2,-999,-999,0.0084,2,127,-999,77,27,4,2.8
434,19,18.0,24.0,0.0049,742,0.318,2,-999,-999,0.0084,2,127,-999,77,27,4,2.8
435,19,18.0,24.0,0.0049,743,0.318,2,-999,-999,0.0084,2,127,-999,77,27,4,2.8
436,19,18.0,24.0,0.0049,744,0.318,2,-999,-999,0.0084,2,127,-999,77,27,4,2.8
437,19,18.0,24.0,0.0049,745,0.318,2,-999,-999,0.0084,2,127,-999,77,27,4,2.8
438,19,18.0,24.0,0.0049,746,0.318,2,-999,-999,0.0084,2,127,-999,77,27,4,2.8
439,19,18.0,24.0,0.0049,747,0.318,2,-999,-999,0.0084,2,127,-999,77,27,4,2.8
440,19,18.0,20.0,0.0049,748,0.318,2,-999,-999,0.0084,2,127,-999,77,27,4,2.8
441,19,18.0,20.0,0.0049,749,0.318,2,-999,-999,0.0084,2,127,-999,77,27,4,2.8
442,19,18.0,20.0,0.0049,750,0.318,2,-999,-999,0.0084,2,127,-999,77,27,4,2.8
443,19,18.0,18.0,0.0049,751,0.318,2,-999,-999,0.0084,2,128,-999,78,28,4,2.8
444,19,18.0,16.0,0.0049,752,0.318,2,-999,-999,0.0084,2,128,-999,78,28,4,2.8
445,19,18.0,24.0,0.0049,753,0.318,2,-999,-999,0.0084,2,128,-999,78,28,4,2.8
446,19,18.0,24.0,0.0049,754,0.318,2,-999,-999,0.0084,2,128,-999,78,28,4,2.8
447,19,18.0,24.0,0.0049,755,0.318,2,-999,-999,0.0084,2,128,-999,78,28,4,2.8
448,19,18.0,24.0,0.0049,756,0.318,2,-999,-999,0.0084,2,128,-999,78,28,4,2.8
449,19,18.0,20.0,0.0049,757,0.318,2,-999,-999,0.0084,2,128,-999,78,28,4,2.8
450,19,18.0,20.0,0.0049,758,0.318,2,-999,-999,0.0084,2,128,-999,78,28,4,2.8
451,19,18.0,20.0,0.0049,759,0.318,2,-999,-999,0.0084,2,128,-999,78,28,4,2.8
452,19,18.0,20.0,0.0049,760,0.318,2,-999,-999,0.0084,2,128,-999,78,28,4,2.8
453,19,18.0,20.0,0.0049,761,0.318,2,-999,-999,0.0084,2,128,-999,78,28,4,2.8
454,19,18.0,20.0,0.0049,762,0.318,2,-999,-999,0.0084,2,128,-999,78,28,4,2.8
455,19,18.0,20.0,0.0049,763,0.318,2,-999,-999,0.0084,2,128,-999,78,28,4,2.8
456,19,18.0,20.0,0.0049,764,0.318,2,-999,-999,0.0084,2,128,-999,78,28,4,2.8
457,19,18.0,20.0,0.0049,765,0.318,2,-999,-999,0.0084,2,128,-999,78,28,4,2.8
458,19,18.0,24.0,0.0049,766,0.318,2,-999,-999,0.0084,2,128,-999,78,28,4,2.8
459,19,18.0,24.0,0.0049,767,0.318,2,-999,-999,0.0084,2,128,-999,78,28,4,2.8
460,19,18.0,24.0,0.0049,768,0.318,2,-999,-999,0.0084,2,128,-999,78,28,4,2.8
461,19,18.0,24.0,0.0049,769,0.318,2,-999,-999,0.0084,2,128,-999,78,28,4,2.8
462,19,18.0,24.0,0.0049,770,0.318,2,-999,-999,0.0084,2,128,-999,78,28,4,2.8
463,19,18.0,20.0,0.0049,771,0.318,2,-999,-999,0.0084,2,128,-999,78,28,4,2.8
464,19,18.0,20.0,0.0049,772,0.318,2,-999,-999,0.0084,2,128,-999,78,28,4,2.8
465,19,18.0,20.0,0.0049,773,0.318,2,-999,-999,0.0084,2,128,-999,78,28,4,2.8
466,20,18.0,20.0,0.0049,774,0.318,2,-999,-999,0.0084,2,129,-999,79,29,5,1.4
467,20,18.0,24.0,0.0049,775,0.318,2,-999,-999,0.0084,2,129,-999,79,29,5,1.4
468,20,18.0,24.0,0.0049,776,0.318,2,-999,-999,0.0084,2,129,-999,79,29,5,1.4
469,20,18.0,24.0,0.0049,777,0.318,2,-999,-999,0.0084,2,129,-999,79,29,5,1.4
470,20,18.0,24.0,0.0049,778,0.318,2,-999,-999,0.0084,2,129,-999,79,29,5,1.4
471,20,18.0,20.0,0.0049,779,0.318,2,-999,-999,0.0084,2,129,-999,79,29,5,1.4
472,20,18.0,20.0,0.0049,780,0.318,2,-999,-999,0.0084,2,129,-999,79,29,5,1.4
473,20,18.0,24.0,0.0049,781,0.318,2,-999,-999,0.0084,2,129,-999,79,29,5,1.4
474,20,18.0,24.0,0.0049,782,0.318,2,-999,-999,0.0084,2,129,-999,79,29,5,1.4
475,20,18.0,24.0,0.0049,783,0.318,2,-999,-999,0.0084,2,129,-999,79,29,5,1.4
476,20,18.0,20.0,0.0049,784,0.318,2,-999,-999,0.0084,2,129,-999,79,29,5,1.4
477,20,18.0,20.0,0.0049,785,0.318,2,-999,-999,0.0084,2,129,-999,79,29,5,1.4
478,20,18.0,20.0,0.0049,786,0.318,2,-999,-999,0.0084,2,129,-999,79,29,5,1.4
479,20,18.0,20.0,0.0049,787,0.318,2,-999,-999,0.0084,2,129,-999,79,29,5,1.4
480,20,18.0,22.0,0.0049,788,0.318,2,-999,-999,0.0084,2,129,-999,79,29,5,1.4
481,20,18.0,22.0,0.0049,789,0.318,2,-999,-999,0.0084,2,129,-999,79,29,5,1.4
482,20,18.0,24.0,0.0049,790,0.318,2,-999,-999,0.0084,2,129,-999,79,29,5,1.4
483,20,18.0,20.0,0.0049,791,0.318,2,-999,-999,0.0084,2,129,-999,79,29,5,1.4
484,20,18.0,24.0,0.0049,792,0.318,2,-999,-999,0.0084,2,129,-999,79,29,5,1.4
485,20,18.0,24.0,0.0049,793,0.318,2,-999,-999,0.0084,2,129,-999,79,29,5,1.4
486,20,18.0,24.0,0.0049,794,0.318,2,-999,-999,0.0084,2,129,-999,79,29,5,1.4
487,20,18.0,24.0,0.0049,795,0.318,2,-999,-999,0.0084,2,129,-999,79,29,5,1.4
488,20,18.0,20.0,0.0049,796,0.318,2,-999,-999,0.0084,2,130,-999,80,30,5,3.8
489,20,18.0,20.0,0.0049,797,0.318,2,-999,-999,0.0084,2,130,-999,80,30,5,3.8
490,20,18.0,24.0,0.0049,798,0.318,2,-999,-999,0.0084,2,130,-999,80,30,5,3.8
491,20,18.0,24.0,0.0049,799,0.318,2,-999,-999,0.0084,2,130,-999,80,30,5,3.8
492,20,18.0,20.0,0.0049,800,0.318,2,-999,-999,0.0084,2,130,-999,80,30,5,3.8
493,20,18.0,20.0,0.0049,801,0.318,2,-999,-999,0.0084,2,130,-999,80,30,5,3.8
494,20,18.0,20.0,0.0049,802,0.318,2,-999,-999,0.0084,2,130,-999,80,30,5,3.8
495,20,18.0,24.0,0.0049,803,0.318,2,-999,-999,0.0084,2,130,-999,80,30,5,3.8
496,20,18.0,24.0,0.0049,804,0.318,2,-999,-999,0.0084,2,130,-999,80,30,5,3.8
497,20,18.0,24.0,0.0049,805,0.318,2,-999,-999,0.0084,2,130,-999,80,30,5,3.8
498,20,18.0,20.0,0.0049,806,0.318,2,-999,-999,0.0084,2,130,-999,80,30,5,3.8
499,20,18.0,20.0,0.0049,807,0.318,2,-999,-999,0.0084,2,130,-999,80,30,5,3.8
500,20,18.0,20.0,0.0049,808,0.318,2,-999,-999,0.0084,2,130,-999,80,30,5,3.8
501,20,18.0,20.0,0.0049,809,0.318,2,-999,-999,0.0084,2,130,-999,80,30,5,3.8
502,20,18.0,22.0,0.0049,810,0.318,2,-999,-999,0.0084,2,130,-999,80,30,5,3.8
503,20,18.0,22.0,0.0049,811,0.318,2,-999,-999,0.0084,2,130,-999,80,30,5,3.8
504,20,18.0,20.0,0.0049,812,0.318,2,-999,-999,0.0084,2,130,-999,80,30,5,3.8
505,20,18.0,20.0,0.0049,813,0.318,2,-999,-999,0.0084,2,130,-999,80,30,5,3.8
506,20,18.0,21.0,0.0049,814,0.318,2,-999,-999,0.0084,2,130,-999,80,30,5,3.8
507,20,18.0,21.0,0.0049,815,0.318,2,-999,-999,0.0084,2,130,-999,80,30,5,3.8
508,20,18.0,24.0,0.0049,816,0.318,2,-999,-999,0.0084,2,130,-999,80,30,5,3.8
509,20,18.0,21.0,0.0049,817,0.318,2,-999,-999,0.0084,2,130,-999,80,30,5,3.8
510,20,18.0,21.0,0.0049,818,0.318,2,-999,-999,0.0084,2,130,-999,80,30,5,3.8
511,20,18.0,20.0,0.0049,819,0.318,2,-999,-999,0.0084,2,131,-999,81,31,5,3.8
512,20,18.0,24.0,0.0049,820,0.318,2,-999,-999,0.0084,2,131,-999,81,31,5,3.8
513,20,18.0,24.0,0.0049,821,0.318,2,-999,-999,0.0084,2,131,-999,81,31,5,3.8
514,20,18.0,24.0,0.0049,822,0.318,2,-999,-999,0.0084,2,131,-999,81,31,5,3.8
515,20,18.0,20.0,0.0049,823,0.318,2,-999,-999,0.0084,2,131,-999,81,31,5,3.8
516,20,18.0,20.0,0.0049,824,0.318,2,-999,-999,0.0084,2,131,-999,81,31,5,3.8
517,20,18.0,20.0,0.0049,825,0.318,2,-999,-999,0.0084,2,131,-999,81,31,5,3.8
518,20,18.0,24.0,0.0049,826,0.318,2,-999,-999,0.0084,2,131,-999,81,31,5,3.8
519,20,18.0,24.0,0.0049,827,0.318,2,-999,-999,0.0084,2,131,-999,81,31,5,3.8
520,20,18.0,24.0,0.0049,828,0.318,2,-999,-999,0.0084,2,131,-999,81,31,5,3.8
521,20,18.0,20.0,0.0049,829,0.318,2,-999,-999,0.0084,2,131,-999,81,31,5,3.8
522,20,18.0,20.0,0.0049,830,0.318,2,-999,-999,0.0084,2,131,-999,81,31,5,3.8
523,20,18.0,20.0,0.0049,831,0.318,2,-999,-999,0.0084,2,131,-999,81,31,5,3.8
524,20,18.0,24.0,0.0049,832,0.318,2,-999,-999,0.0084,2,131,-999,81,31,5,3.8
525,20,18.0,22.0,0.0049,833,0.318,2,-999,-999,0.0084,2,131,-999,81,31,5,3.8
526,20,18.0,22.0,0.0049,834,0.318,2,-999,-999,0.0084,2,131,-999,81,31,5,3.8
527,20,18.0,24.0,0.0049,835,0.318,2,-999,-999,0.0084,2,131,-999,81,31,5,3.8
528,20,18.0,20.0,0.0049,836,0.318,2,-999,-999,0.0084,2,131,-999,81,31,5,3.8
529,20,18.0,24.0,0.0049,837,0.318,2,-999,-999,0.0084,2,131,-999,81,31,5,3.8
530,20,18.0,24.0,0.0049,838,0.318,2,-999,-999,0.0084,2,131,-999,81,31,5,3.8
531,20,18.0,24.0,0.0049,839,0.318,2,-999,-999,0.0084,2,131,-999,81,31,5,3.8
532,20,18.0,24.0,0.0049,840,0.318,2,-999,-999,0.0084,2,131,-999,81,31,5,3.8
533,20,18.0,20.0,0.0049,841,0.318,2,-999,-999,0.0084,2,132,-999,82,32,5,3.8
534,20,18.0,24.0,0.0049,842,0.318,2,-999,-999,0.0084,2,132,-999,82,32,5,3.8
535,20,18.0,24.0,0.0049,843,0.318,2,-999,-999,0.0084,2,132,-999,82,32,5,3.8
536,20,18.0,24.0,0.0049,844,0.318,2,-999,-999,0.0084,2,132,-999,82,32,5,3.8
537,20,18.0,24.0,0.0049,845,0.318,2,-999,-999,0.0084,2,132,-999,82,32,5,3.8
538,20,18.0,20.0,0.0049,846,0.318,2,-999,-999,0.0084,2,132,-999,82,32,5,3.8
539,20,18.0,20.0,0.0049,847,0.318,2,-999,-999,0.0084,2,132,-999,82,32,5,3.8
540,20,18.0,24.0,0.0049,848,0.318,2,-999,-999,0.0084,2,132,-999,82,32,5,3.8
541,20,18.0,24.0,0.0049,849,0.318,2,-999,-999,0.0084,2,132,-999,82,32,5,3.8
542,20,18.0,24.0,0.0049,850,0.318,2,-999,-999,0.0084,2,132,-999,82,32,5,3.8
543,20,18.0,20.0,0.0049,851,0.318,2,-999,-999,0.0084,2,132,-999,82,32,5,3.8
544,20,18.0,20.0,0.0049,852,0.318,2,-999,-999,0.0084,2,132,-999,82,32,5,3.8
545,20,18.0,20.0,0.0049,853,0.318,2,-999,-999,0.0084,2,132,-999,82,32,5,3.8
546,20,18.0,20.0,0.0049,854,0.318,2,-999,-999,0.0084,2,132,-999,82,32,5,3.8
547,20,18.0,22.0,0.0049,855,0.318,2,-999,-999,0.0084,2,132,-999,82,32,5,3.8
548,20,18.0,22.0,0.0049,856,0.318,2,-999,-999,0.0084,2,132,-999,82,32,5,3.8
549,20,18.0,24.0,0.0049,857,0.318,2,-999,-999,0.0084,2,132,-999,82,32,5,3.8
550,20,18.0,20.0,0.0049,858,0.318,2,-999,-999,0.0084,2,132,-999,82,32,5,3.8
551,20,18.0,24.0,0.0049,859,0.318,2,-999,-999,0.0084,2,132,-999,82,32,5,3.8
552,20,18.0,24.0,0.0049,860,0.318,2,-999,-999,0.0084,2,132,-999,82,32,5,3.8
553,20,18.0,24.0,0.0049,861,0.318,2,-999,-999,0.0084,2,132,-999,82,32,5,3.8
554,20,18.0,24.0,0.0049,862,0.318,2,-999,-999,0.0084,2,132,-999,82,32,5,3.8
555,20,18.0,20.0,0.0049,863,0.318,2,-999,-999,0.0084,2,133,-999,83,33,5,3.8
556,20,18.0,20.0,0.0049,864,0.318,2,-999,-999,0.0084,2,133,-999,83,33,5,3.8
557,20,18.0,24.0,0.0049,865,0.318,2,-999,-999,0.0084,2,133,-999,83,33,5,3.8
558,20,18.0,24.0,0.0049,866,0.318,2,-999,-999,0.0084,2,133,-999,83,33,5,3.8
559,20,18.0,20.0,0.0049,867,0.318,2,-999,-999,0.0084,2,133,-999,83,33,5,3.8
560,20,18.0,20.0,0.0049,868,0.318,2,-999,-999,0.0084,2,133,-999,83,33,5,3.8
561,20,18.0,20.0,0.0049,869,0.318,2,-999,-999,0.0084,2,133,-999,83,33,5,3.8
562,20,18.0,24.0,0.0049,870,0.318,2,-999,-999,0.0084,2,133,-999,83,33,5,3.8
563,20,18.0,24.0,0.0049,871,0.318,2,-999,-999,0.0084,2,133,-999,83,33,5,3.8
564,20,18.0,24.0,0.0049,872,0.318,2,-999,-999,0.0084,2,133,-999,83,33,5,3.8
565,20,18.0,20.0,0.0049,873,0.318,2,-999,-999,0.0084,2,133,-999,83,33,5,3.8
566,20,18.0,20.0,0.0049,874,0.318,2,-999,-999,0.0084,2,133,-999,83,33,5,3.8
567,20,18.0,20.0,0.0049,875,0.318,2,-999,-999,0.0084,2,133,-999,83,33,5,3.8
568,20,18.0,20.0,0.0049,876,0.318,2,-999,-999,0.0084,2,133,-999,83,33,5,3.8
569,20,18.0,22.0,0.0049,877,0.318,2,-999,-999,0.0084,2,133,-999,83,33,5,3.8
570,20,18.0,22.0,0.0049,878,0.318,2,-999,-999,0.0084,2,133,-999,83,33,5,3.8
571,20,18.0,20.0,0.0049,879,0.318,2,-999,-999,0.0084,2,133,-999,83,33,5,3.8
572,20,18.0,20.0,0.0049,880,0.318,2,-999,-999,0.0084,2,133,-999,83,33,5,3.8
573,20,18.0,21.0,0.0049,881,0.318,2,-999,-999,0.0084,2,133,-999,83,33,5,3.8
574,20,18.0,21.0,0.0049,882,0.318,2,-999,-999,0.0084,2,133,-999,83,33,5,3.8
575,20,18.0,24.0,0.0049,883,0.318,2,-999,-999,0.0084,2,133,-999,83,33,5,3.8
576,20,18.0,21.0,0.0049,884,0.318,2,-999,-999,0.0084,2,133,-999,83,33,5,3.8
577,20,18.0,21.0,0.0049,885,0.318,2,-999,-999,0.0084,2,133,-999,83,33,5,3.8
578,20,18.0,20.0,0.0049,886,0.318,2,-999,-999,0.0084,2,134,-999,84,34,5,3.8
579,20,18.0,20.0,0.0049,887,0.318,2,-999,-999,0.0084,2,134,-999,84,34,5,3.8
580,20,18.0,24.0,0.0049,888,0.318,2,-999,-999,0.0084,2,134,-999,84,34,5,3.8
581,20,18.0,24.0,0.0049,889,0.318,2,-999,-999,0.0084,2,134,-999,84,34,5,3.8
582,20,18.0,24.0,0.0049,890,0.318,2,-999,-999,0.0084,2,134,-999,84,34,5,3.8
583,20,18.0,24.0,0.0049,891,0.318,2,-999,-999,0.0084,2,134,-999,84,34,5,3.8
584,20,18.0,24.0,0.0049,892,0.318,2,-999,-999,0.0084,2,134,-999,84,34,5,3.8
585,20,18.0,24.0,0.0049,893,0.318,2,-999,-999,0.0084,2,134,-999,84,34,5,3.8
586,20,18.0,24.0,0.0049,894,0.318,2,-999,-999,0.0084,2,134,-999,84,34,5,3.8
587,20,18.0,20.0,0.0049,895,0.318,2,-999,-999,0.0084,2,134,-999,84,34,5,3.8
588,20,18.0,20.0,0.0049,896,0.318,2,-999,-999,0.0084,2,134,-999,84,34,5,3.8
589,20,18.0,20.0,0.0049,897,0.318,2,-999,-999,0.0084,2,134,-999,84,34,5,3.8
590,20,18.0,20.0,0.0049,898,0.318,2,-999,-999,0.0084,2,134,-999,84,34,5,3.8
591,20,18.0,24.0,0.0049,899,0.318,2,-999,-999,0.0084,2,134,-999,84,34,5,3.8
592,20,18.0,24.0,0.0049,900,0.318,2,-999,-999,0.0084,2,134,-999,84,34,5,3.8
593,20,18.0,24.0,0.0049,901,0.318,2,-999,-999,0.0084,2,134,-999,84,34,5,3.8
594,20,18.0,24.0,0.0049,902,0.318,2,-999,-999,0.0084,2,134,-999,84,34,5,3.8
595,20,18.0,24.0,0.0049,903,0.318,2,-999,-999,0.0084,2,134,-999,84,34,5,3.8
596,20,18.0,24.0,0.0049,904,0.318,2,-999,-999,0.0084,2,134,-999,84,34,5,3.8
597,20,18.0,20.0,0.0049,905,0.318,2,-999,-999,0.0084,2,134,-999,84,34,5,3.8
598,20,18.0,20.0,0.0049,906,0.318,2,-999,-999,0.0084,2,134,-999,84,34,5,3.8
599,20,18.0,20.0,0.0049,907,0.318,2,-999,-999,0.0084,2,134,-999,84,34,5,3.8
600,20,18.0,20.0,0.0049,908,0.318,2,-999,-999,0.0084,2,135,-999,85,35,5,4.4
601,20,18.0,20.0,0.0049,909,0.318,2,-999,-999,0.0084,2,135,-999,85,35,5,4.4
602,20,18.0,24.0,0.0049,910,0.318,2,-999,-999,0.0084,2,135,-999,85,35,5,4.4
603,20,18.0,24.0,0.0049,911,0.318,2,-999,-999,0.0084,2,135,-999,85,35,5,4.4
604,20,18.0,24.0,0.0049,912,0.318,2,-999,-999,0.0084,2,135,-999,85,35,5,4.4
605,20,18.0,24.0,0.0049,913,0.318,2,-999,-999,0.0084,2,135,-999,85,35,5,4.4
606,20,18.0,24.0,0.0049,914,0.318,2,-999,-999,0.0084,2,135,-999,85,35,5,4.4
607,20,18.0,24.0,0.0049,915,0.318,2,-999,-999,0.0084,2,135,-999,85,35,5,4.4
608,20,18.0,24.0,0.0049,916,0.318,2,-999,-999,0.0084,2,135,-999,85,35,5,4.4
609,20,18.0,20.0,0.0049,917,0.318,2,-999,-999,0.0084,2,135,-999,85,35,5,4.4
610,20,18.0,20.0,0.0049,918,0.318,2,-999,-999,0.0084,2,135,-999,85,35,5,4.4
611,20,18.0,20.0,0.0049,919,0.318,2,-999,-999,0.0084,2,135,-999,85,35,5,4.4
612,20,18.0,20.0,0.0049,920,0.318,2,-999,-999,0.0084,2,135,-999,85,35,5,4.4
613,20,18.0,24.0,0.0049,921,0.318,2,-999,-999,0.0084,2,135,-999,85,35,5,4.4
614,20,18.0,24.0,0.0049,922,0.318,2,-999,-999,0.0084,2,135,-999,85,35,5,4.4
615,20,18.0,24.0,0.0049,923,0.318,2,-999,-999,0.0084,2,135,-999,85,35,5,4.4
616,20,18.0,24.0,0.0049,924,0.318,2,-999,-999,0.0084,2,135,-999,85,35,5,4.4
617,20,18.0,24.0,0.0049,925,0.318,2,-999,-999,0.0084,2,135,-999,85,35,5,4.4
618,20,18.0,24.0,0.0049,926,0.318,2,-999,-999,0.0084,2,135,-999,85,35,5,4.4
619,20,18.0,24.0,0.0049,927,0.318,2,-999,-999,0.0084,2,135,-999,85,35,5,4.4
620,20,18.0,20.0,0.0049,928,0.318,2,-999,-999,0.0084,2,135,-999,85,35,5,4.4
621,20,18.0,20.0,0.0049,929,0.318,2,-999,-999,0.0084,2,135,-999,85,35,5,4.4
622,20,18.0,20.0,0.0049,930,0.318,2,-999,-999,0.0084,2,136,-999,86,36,5,3.8
623,20,18.0,20.0,0.0049,931,0.318,2,-999,-999,0.0084,2,136,-999,86,36,5,3.8
624,20,18.0,24.0,0.0049,932,0.318,2,-999,-999,0.0084,2,136,-999,86,36,5,3.8
625,20,18.0,24.0,0.0049,933,0.318,2,-999,-999,0.0084,2,136,-999,86,36,5,3.8
626,20,18.0,24.0,0.0049,934,0.318,2,-999,-999,0.0084,2,136,-999,86,36,5,3.8
627,20,18.0,24.0,0.0049,935,0.318,2,-999,-999,0.0084,2,136,-999,86,36,5,3.8
628,20,18.0,24.0,0.0049,936,0.318,2,-999,-999,0.0084,2,136,-999,86,36,5,3.8
629,20,18.0,24.0,0.0049,937,0.318,2,-999,-999,0.0084,2,136,-999,86,36,5,3.8
630,20,18.0,24.0,0.0049,938,0.318,2,-999,-999,0.0084,2,136,-999,86,36,5,3.8
631,20,18.0,20.0,0.0049,939,0.318,2,-999,-999,0.0084,2,136,-999,86,36,5,3.8
632,20,18.0,20.0,0.0049,940,0.318,2,-999,-999,0.0084,2,136,-999,86,36,5,3.8
633,20,18.0,20.0,0.0049,941,0.318,2,-999,-999,0.0084,2,136,-999,86,36,5,3.8
634,20,18.0,20.0,0.0049,942,0.318,2,-999,-999,0.0084,2,136,-999,86,36,5,3.8
635,20,18.0,24.0,0.0049,943,0.318,2,-999,-999,0.0084,2,136,-999,86,36,5,3.8
636,20,18.0,24.0,0.0049,944,0.318,2,-999,-999,0.0084,2,136,-999,86,36,5,3.8
637,20,18.0,24.0,0.0049,945,0.318,2,-999,-999,0.0084,2,136,-999,86,36,5,3.8
638,20,18.0,24.0,0.0049,946,0.318,2,-999,-999,0.0084,2,136,-999,86,36,5,3.8
639,20,18.0,24.0,0.0049,947,0.318,2,-999,-999,0.0084,2,136,-999,86,36,5,3.8
640,20,18.0,24.0,0.0049,948,0.318,2,-999,-999,0.0084,2,136,-999,86,36,5,3.8
641,20,18.0,24.0,0.0049,949,0.318,2,-999,-999,0.0084,2,136,-999,86,36,5,3.8
642,20,18.0,20.0,0.0049,950,0.318,2,-999,-999,0.0084,2,136,-999,86,36,5,3.8
643,20,18.0,20.0,0.0049,951,0.318,2,-999,-999,0.0084,2,136,-999,86,36,5,3.8
644,20,18.0,20.0,0.0049,952,0.318,2,-999,-999,0.0084,2,137,-999,87,37,5,3.8
645,20,18.0,24.0,0.0049,953,0.318,2,-999,-999,0.0084,2,137,-999,87,37,5,3.8
646,20,18.0,24.0,0.0049,954,0.318,2,-999,-999,0.0084,2,137,-999,87,37,5,3.8
647,20,18.0,24.0,0.0049,955,0.318,2,-999,-999,0.0084,2,137,-999,87,37,5,3.8
648,20,18.0,24.0,0.0049,956,0.318,2,-999,-999,0.0084,2,137,-999,87,37,5,3.8
649,20,18.0,24.0,0.0049,957,0.318,2,-999,-999,0.0084,2,137,-999,87,37,5,3.8
650,20,18.0,24.0,0.0049,958,0.318,2,-999,-999,0.0084,2,137,-999,87,37,5,3.8
651,20,18.0,24.0,0.0049,959,0.318,2,-999,-999,0.0084,2,137,-999,87,37,5,3.8
652,20,18.0,24.0,0.0049,960,0.318,2,-999,-999,0.0084,2,137,-999,87,37,5,3.8
653,20,18.0,20.0,0.0049,961,0.318,2,-999,-999,0.0084,2,137,-999,87,37,5,3.8
654,20,18.0,20.0,0.0049,962,0.318,2,-999,-999,0.0084,2,137,-999,87,37,5,3.8
655,20,18.0,20.0,0.0049,963,0.318,2,-999,-999,0.0084,2,137,-999,87,37,5,3.8
656,20,18.0,20.0,0.0049,964,0.318,2,-999,-999,0.0084,2,137,-999,87,37,5,3.8
657,20,18.0,20.0,0.0049,965,0.318,2,-999,-999,0.0084,2,137,-999,87,37,5,3.8
658,20,18.0,24.0,0.0049,966,0.318,2,-999,-999,0.0084,2,137,-999,87,37,5,3.8
659,20,18.0,24.0,0.0049,967,0.318,2,-999,-999,0.0084,2,137,-999,87,37,5,3.8
660,20,18.0,24.0,0.0049,968,0.318,2,-999,-999,0.0084,2,137,-999,87,37,5,3.8
661,20,18.0,24.0,0.0049,969,0.318,2,-999,-999,0.0084,2,137,-999,87,37,5,3.8
662,20,18.0,24.0,0.0049,970,0.318,2,-999,-999,0.0084,2,137,-999,87,37,5,3.8
663,20,18.0,24.0,0.0049,971,0.318,2,-999,-999,0.0084,2,137,-999,87,37,5,3.8
664,20,18.0,20.0,0.0049,972,0.318,2,-999,-999,0.0084,2,137,-999,87,37,5,3.8
665,20,18.0,20.0,0.0049,973,0.318,2,-999,-999,0.0084,2,137,-999,87,37,5,3.8
666,20,18.0,20.0,0.0049,974,0.318,2,-999,-999,0.0084,2,138,-999,88,38,5,3.8
667,20,18.0,20.0,0.0049,975,0.318,2,-999,-999,0.0084,2,138,-999,88,38,5,3.8
668,20,18.0,20.0,0.0049,976,0.318,2,-999,-999,0.0084,2,138,-999,88,38,5,3.8
669,20,18.0,20.0,0.0049,977,0.318,2,-999,-999,0.0084,2,138,-999,88,38,5,3.8
670,20,18.0,20.0,0.0049,978,0.318,2,-999,-999,0.0084,2,138,-999,88,38,5,3.8
671,20,18.0,20.0,0.0049,979,0.318,2,-999,-999,0.0084,2,138,-999,88,38,5,3.8
672,20,18.0,24.0,0.0049,980,0.318,2,-999,-999,0.0084,2,138,-999,88,38,5,3.8
673,20,18.0,24.0,0.0049,981,0.318,2,-999,-999,0.0084,2,138,-999,88,38,5,3.8
674,20,18.0,22.0,0.0049,982,0.318,2,-999,-999,0.0084,2,138,-999,88,38,5,3.8
675,20,18.0,22.0,0.0049,983,0.318,2,-999,-999,0.0084,2,138,-999,88,38,5,3.8
676,20,18.0,24.0,0.0049,984,0.318,2,-999,-999,0.0084,2,138,-999,88,38,5,3.8
677,20,18.0,24.0,0.0049,985,0.318,2,-999,-999,0.0084,2,138,-999,88,38,5,3.8
678,20,18.0,20.0,0.0049,986,0.318,2,-999,-999,0.0084,2,138,-999,88,38,5,3.8
679,20,18.0,20.0,0.0049,987,0.318,2,-999,-999,0.0084,2,138,-999,88,38,5,3.8
680,20,18.0,24.0,0.0049,988,0.318,2,-999,-999,0.0084,2,138,-999,88,38,5,3.8
681,20,18.0,24.0,0.0049,989,0.318,2,-999,-999,0.0084,2,138,-999,88,38,5,3.8
682,20,18.0,24.0,0.0049,990,0.318,2,-999,-999,0.0084,2,138,-999,88,38,5,3.8
683,20,18.0,20.0,0.0049,991,0.318,2,-999,-999,0.0084,2,138,-999,88,38,5,3.8
684,20,18.0,20.0,0.0049,992,0.318,2,-999,-999,0.0084,2,138,-999,88,38,5,3.8
685,20,18.0,20.0,0.0049,993,0.318,2,-999,-999,0.0084,2,138,-999,88,38,5,3.8
686,20,18.0,20.0,0.0049,994,0.318,2,-999,-999,0.0084,2,138,-999,88,38,5,3.8
687,20,18.0,16.0,0.0049,995,0.318,2,-999,-999,0.0084,2,138,-999,88,38,5,3.8
688,20,18.0,16.0,0.0049,996,0.318,2,-999,-999,0.0084,2,138,-999,88,38,5,3.8
689,20,18.0,12.0,0.0049,997,0.318,2,-999,-999,0.0084,2,138,-999,88,38,5,3.8
690,20,18.0,20.0,0.0049,998,0.318,2,-999,-999,0.0084,2,139,-999,89,39,6,4.4
691,20,18.0,20.0,0.0049,999,0.318,2,-999,-999,0.0084,2,139,-999,89,39,6,4.4
692,20,18.0,24.0,0.0049,1000,0.318,2,-999,-999,0.0084,2,139,-999,89,39,6,4.4
693,20,18.0,24.0,0.0049,1001,0.318,2,-999,-999,0.0084,2,139,-999,89,39,6,4.4
694,20,18.0,24.0,0.0049,1002,0.318,2,-999,-999,0.0084,2,139,-999,89,39,6,4.4
695,20,18.0,24.0,0.0049,1003,0.318,2,-999,-999,0.0084,2,139,-999,89,39,6,4.4
696,20,18.0,24.0,0.0049,1004,0.318,2,-999,-999,0.0084,2,139,-999,89,39,6,4.4
697,20,18.0,24.0,0.0049,1005,0.318,2,-999,-999,0.0084,2,139,-999,89,39,6,4.4
698,20,18.0,24.0,0.0049,1006,0.318,2,-999,-999,0.0084,2,139,-999,89,39,6,4.4
699,20,18.0,20.0,0.0049,1007,0.318,2,-999,-999,0.0084,2,139,-999,89,39,6,4.4
700,20,18.0,20.0,0.0049,1008,0.318,2,-999,-999,0.0084,2,139,-999,89,39,6,4.4
701,20,18.0,20.0,0.0049,1009,0.318,2,-999,-999,0.0084,2,139,-999,89,39,6,4.4
702,20,18.0,20.0,0.0049,1010,0.318,2,-999,-999,0.0084,2,139,-999,89,39,6,4.4
703,20,18.0,24.0,0.0049,1011,0.318,2,-999,-999,0.0084,2,139,-999,89,39,6,4.4
704,20,18.0,24.0,0.0049,1012,0.318,2,-999,-999,0.0084,2,139,-999,89,39,6,4.4
705,20,18.0,24.0,0.0049,1013,0.318,2,-999,-999,0.0084,2,139,-999,89,39,6,4.4
706,20,18.0,24.0,0.0049,1014,0.318,2,-999,-999,0.0084,2,139,-999,89,39,6,4.4
707,20,18.0,24.0,0.0049,1015,0.318,2,-999,-999,0.0084,2,139,-999,89,39,6,4.4
708,20,18.0,24.0,0.0049,1016,0.318,2,-999,-999,0.0084,2,139,-999,89,39,6,4.4
709,20,18.0,24.0,0.0049,1017,0.318,2,-999,-999,0.0084,2,139,-999,89,39,6,4.4
710,20,18.0,20.0,0.0049,1018,0.318,2,-999,-999,0.0084,2,139,-999,89,39,6,4.4
711,20,18.0,20.0,0.0049,1019,0.318,2,-999,-999,0.0084,2,139,-999,89,39,6,4.4
712,19,18.0,20.0,0.0049,1020,0.313,2,-999,-999,0.0084,2,140,-999,90,40,6,5.6
713,19,18.0,20.0,0.0049,1021,0.313,2,-999,-999,0.0084,2,140,-999,90,40,6,5.6
714,19,18.0,24.0,0.0049,1022,0.313,2,-999,-999,0.0084,2,140,-999,90,40,6,5.6
715,19,18.0,24.0,0.0049,1023,0.313,2,-999,-999,0.0084,2,140,-999,90,40,6,5.6
716,19,18.0,24.0,0.0049,1024,0.313,2,-999,-999,0.0084,2,140,-999,90,40,6,5.6
717,19,18.0,24.0,0.0049,1025,0.313,2,-999,-999,0.0084,2,140,-999,90,40,6,5.6
718,19,18.0,24.0,0.0049,1026,0.313,2,-999,-999,0.0084,2,140,-999,90,40,6,5.6
719,19,18.0,24.0,0.0049,1027,0.313,2,-999,-999,0.0084,2,140,-999,90,40,6,5.6
720,19,18.0,20.0,0.0049,1028,0.313,2,-999,-999,0.0084,2,140,-999,90,40,6,5.6
721,19,18.0,20.0,0.0049,1029,0.313,2,-999,-999,0.0084,2,140,-999,90,40,6,5.6
722,19,18.0,20.0,0.0049,1030,0.313,2,-999,-999,0.0084,2,140,-999,90,40,6,5.6
723,19,18.0,20.0,0.0049,1031,0.313,2,-999,-999,0.0084,2,140,-999,90,40,6,5.6
724,19,18.0,20.0,0.0049,1032,0.313,2,-999,-999,0.0084,2,140,-999,90,40,6,5.6
725,19,18.0,24.0,0.0049,1033,0.313,2,-999,-999,0.0084,2,140,-999,90,40,6,5.6
726,19,18.0,24.0,0.0049,1034,0.313,2,-999,-999,0.0084,2,140,-999,90,40,6,5.6
727,19,18.0,24.0,0.0049,1035,0.313,2,-999,-999,0.0084,2,140,-999,90,40,6,5.6
728,19,18.0,24.0,0.0049,1036,0.313,2,-999,-999,0.0084,2,140,-999,90,40,6,5.6
729,19,18.0,24.0,0.0049,1037,0.313,2,-999,-999,0.0084,2,140,-999,90,40,6,5.6
730,19,18.0,24.0,0.0049,1038,0.313,2,-999,-999,0.0084,2,140,-999,90,40,6,5.6
731,19,18.0,20.0,0.0049,1039,0.313,2,-999,-999,0.0084,2,140,-999,90,40,6,5.6
732,19,18.0,20.0,0.0049,1040,0.313,2,-999,-999,0.0084,2,140,-999,90,40,6,5.6
733,19,18.0,20.0,0.0049,1041,0.313,2,-999,-999,0.0084,2,140,-999,90,40,6,5.6
734,19,18.0,20.0,0.0049,1042,0.313,2,-999,-999,0.0084,2,141,-999,91,41,6,5.6
735,19,18.0,20.0,0.0049,1043,0.313,2,-999,-999,0.0084,2,141,-999,91,41,6,5.6
736,19,18.0,24.0,0.0049,1044,0.313,2,-999,-999,0.0084,2,141,-999,91,41,6,5.6
737,19,18.0,24.0,0.0049,1045,0.313,2,-999,-999,0.0084,2,141,-999,91,41,6,5.6
738,19,18.0,24.0,0.0049,1046,0.313,2,-999,-999,0.0084,2,141,-999,91,41,6,5.6
739,19,18.0,24.0,0.0049,1047,0.313,2,-999,-999,0.0084,2,141,-999,91,41,6,5.6
740,19,18.0,24.0,0.0049,1048,0.313,2,-999,-999,0.0084,2,141,-999,91,41,6,5.6
741,19,18.0,24.0,0.0049,1049,0.313,2,-999,-999,0.0084,2,141,-999,91,41,6,5.6
742,19,18.0,20.0,0.0049,1050,0.313,2,-999,-999,0.0084,2,141,-999,91,41,6,5.6
743,19,18.0,20.0,0.0049,1051,0.313,2,-999,-999,0.0084,2,141,-999,91,41,6,5.6
744,19,18.0,20.0,0.0049,1052,0.313,2,-999,-999,0.0084,2,141,-999,91,41,6,5.6
745,19,18.0,20.0,0.0049,1053,0.313,2,-999,-999,0.0084,2,141,-999,91,41,6,5.6
746,19,18.0,20.0,0.0049,1054,0.313,2,-999,-999,0.0084,2,141,-999,91,41,6,5.6
747,19,18.0,24.0,0.0049,1055,0.313,2,-999,-999,0.0084,2,141,-999,91,41,6,5.6
748,19,18.0,24.0,0.0049,1056,0.313,2,-999,-999,0.0084,2,141,-999,91,41,6,5.6
749,19,18.0,24.0,0.0049,1057,0.313,2,-999,-999,0.0084,2,141,-999,91,41,6,5.6
750,19,18.0,24.0,0.0049,1058,0.313,2,-999,-999,0.0084,2,141,-999,91,41,6,5.6
751,19,18.0,24.0,0.0049,1059,0.313,2,-999,-999,0.0084,2,141,-999,91,41,6,5.6
752,19,18.0,24.0,0.0049,1060,0.313,2,-999,-999,0.0084,2,141,-999,91,41,6,5.6
753,19,18.0,20.0,0.0049,1061,0.313,2,-999,-999,0.0084,2,141,-999,91,41,6,5.6
754,19,18.0,20.0,0.0049,1062,0.313,2,-999,-999,0.0084,2,141,-999,91,41,6,5.6
755,19,18.0,20.0,0.0049,1063,0.313,2,-999,-999,0.0084,2,141,-999,91,41,6,5.6
756,19,18.0,20.0,0.0049,1064,0.313,2,-999,-999,0.0084,2,142,-999,92,42,6,4.4
757,19,18.0,24.0,0.0049,1065,0.313,2,-999,-999,0.0084,2,142,-999,92,42,6,4.4
758,19,18.0,24.0,0.0049,1066,0.313,2,-999,-999,0.0084,2,142,-999,92,42,6,4.4
759,19,18.0,24.0,0.0049,1067,0.313,2,-999,-999,0.0084,2,142,-999,92,42,6,4.4
760,19,18.0,24.0,0.0049,1068,0.313,2,-999,-999,0.0084,2,142,-999,92,42,6,4.4
761,19,18.0,24.0,0.0049,1069,0.313,2,-999,-999,0.0084,2,142,-999,92,42,6,4.4
762,19,18.0,24.0,0.0049,1070,0.313,2,-999,-999,0.0084,2,142,-999,92,42,6,4.4
763,19,18.0,24.0,0.0049,1071,0.313,2,-999,-999,0.0084,2,142,-999,92,42,6,4.4
764,19,18.0,24.0,0.0049,1072,0.313,2,-999,-999,0.0084,2,142,-999,92,42,6,4.4
765,19,18.0,20.0,0.0049,1073,0.313,2,-999,-999,0.0084,2,142,-999,92,42,6,4.4
766,19,18.0,20.0,0.0049,1074,0.313,2,-999,-999,0.0084,2,142,-999,92,42,6,4.4
767,19,18.0,20.0,0.0049,1075,0.313,2,-999,-999,0.0084,2,142,-999,92,42,6,4.4
768,19,18.0,20.0,0.0049,1076,0.313,2,-999,-999,0.0084,2,142,-999,92,42,6,4.4
769,19,18.0,20.0,0.0049,1077,0.313,2,-999,-999,0.0084,2,142,-999,92,42,6,4.4
770,19,18.0,20.0,0.0049,1078,0.313,2,-999,-999,0.0084,2,142,-999,92,42,6,4.4
771,19,18.0,24.0,0.0049,1079,0.313,2,-999,-999,0.0084,2,142,-999,92,42,6,4.4
772,19,18.0,24.0,0.0049,1080,0.313,2,-999,-999,0.0084,2,142,-999,92,42,6,4.4
773,19,18.0,24.0,0.0049,1081,0.313,2,-999,-999,0.0084,2,142,-999,92,42,6,4.4
774,19,18.0,24.0,0.0049,1082,0.313,2,-999,-999,0.0084,2,142,-999,92,42,6,4.4
775,19,18.0,20.0,0.0049,1083,0.313,2,-999,-999,0.0084,2,142,-999,92,42,6,4.4
776,19,18.0,20.0,0.0049,1084,0.313,2,-999,-999,0.0084,2,142,-999,92,42,6,4.4
777,19,18.0,20.0,0.0049,1085,0.313,2,-999,-999,0.0084,2,142,-999,92,42,6,4.4
778,19,18.0,20.0,0.0049,1086,0.313,2,-999,-999,0.0084,2,143,-999,93,43,6,4.4
779,19,18.0,24.0,0.0049,1087,0.313,2,-999,-999,0.0084,2,143,-999,93,43,6,4.4
780,19,18.0,24.0,0.0049,1088,0.313,2,-999,-999,0.0084,2,143,-999,93,43,6,4.4
781,19,18.0,24.0,0.0049,1089,0.313,2,-999,-999,0.0084,2,143,-999,93,43,6,4.4
782,19,18.0,24.0,0.0049,1090,0.313,2,-999,-999,0.0084,2,143,-999,93,43,6,4.4
783,19,18.0,24.0,0.0049,1091,0.313,2,-999,-999,0.0084,2,143,-999,93,43,6,4.4
784,19,18.0,24.0,0.0049,1092,0.313,2,-999,-999,0.0084,2,143,-999,93,43,6,4.4
785,19,18.0,24.0,0.0049,1093,0.313,2,-999,-999,0.0084,2,143,-999,93,43,6,4.4
786,19,18.0,20.0,0.0049,1094,0.313,2,-999,-999,0.0084,2,143,-999,93,43,6,4.4
787,19,18.0,20.0,0.0049,1095,0.313,2,-999,-999,0.0084,2,143,-999,93,43,6,4.4
788,19,18.0,20.0,0.0049,1096,0.313,2,-999,-999,0.0084,2,143,-999,93,43,6,4.4
789,19,18.0,20.0,0.0049,1097,0.313,2,-999,-999,0.0084,2,143,-999,93,43,6,4.4
790,19,18.0,20.0,0.0049,1098,0.313,2,-999,-999,0.0084,2,143,-999,93,43,6,4.4
791,19,18.0,20.0,0.0049,1099,0.313,2,-999,-999,0.0084,2,143,-999,93,43,6,4.4
792,19,18.0,20.0,0.0049,1100,0.313,2,-999,-999,0.0084,2,143,-999,93,43,6,4.4
793,19,18.0,24.0,0.0049,1101,0.313,2,-999,-999,0.0084,2,143,-999,93,43,6,4.4
794,19,18.0,24.0,0.0049,1102,0.313,2,-999,-999,0.0084,2,143,-999,93,43,6,4.4
795,19,18.0,24.0,0.0049,1103,0.313,2,-999,-999,0.0084,2,143,-999,93,43,6,4.4
796,19,18.0,24.0,0.0049,1104,0.313,2,-999,-999,0.0084,2,143,-999,93,43,6,4.4
797,19,18.0,24.0,0.0049,1105,0.313,2,-999,-999,0.0084,2,143,-999,93,43,6,4.4
798,19,18.0,20.0,0.0049,1106,0.313,2,-999,-999,0.0084,2,143,-999,93,43,6,4.4
799,19,18.0,20.0,0.0049,1107,0.313,2,-999,-999,0.0084,2,143,-999,93,43,6,4.4
800,20,18.0,20.0,0.0049,1108,0.318,2,-999,-999,0.0084,2,144,-999,94,44,6,4.4
801,20,18.0,20.0,0.0049,1109,0.318,2,-999,-999,0.0084,2,144,-999,94,44,6,4.4
802,20,18.0,24.0,0.0049,1110,0.318,2,-999,-999,0.0084,2,144,-999,94,44,6,4.4
803,20,18.0,24.0,0.0049,1111,0.318,2,-999,-999,0.0084,2,144,-999,94,44,6,4.4
804,20,18.0,24.0,0.0049,1112,0.318,2,-999,-999,0.0084,2,144,-999,94,44,6,4.4
805,20,18.0,24.0,0.0049,1113,0.318,2,-999,-999,0.0084,2,144,-999,94,44,6,4.4
806,20,18.0,24.0,0.0049,1114,0.318,2,-999,-999,0.0084,2,144,-999,94,44,6,4.4
807,20,18.0,24.0,0.0049,1115,0.318,2,-999,-999,0.0084,2,144,-999,94,44,6,4.4
808,20,18.0,24.0,0.0049,1116,0.318,2,-999,-999,0.0084,2,144,-999,94,44,6,4.4
809,20,18.0,20.0,0.0049,1117,0.318,2,-999,-999,0.0084,2,144,-999,94,44,6,4.4
810,20,18.0,20.0,0.0049,1118,0.318,2,-999,-999,0.0084,2,144,-999,94,44,6,4.4
811,20,18.0,20.0,0.0049,1119,0.318,2,-999,-999,0.0084,2,144,-999,94,44,6,4.4
812,20,18.0,20.0,0.0049,1120,0.318,2,-999,-999,0.0084,2,144,-999,94,44,6,4.4
813,20,18.0,20.0,0.0049,1121,0.318,2,-999,-999,0.0084,2,144,-999,94,44,6,4.4
814,20,18.0,24.0,0.0049,1122,0.318,2,-999,-999,0.0084,2,144,-999,94,44,6,4.4
815,20,18.0,24.0,0.0049,1123,0.318,2,-999,-999,0.0084,2,144,-999,94,44,6,4.4
816,20,18.0,24.0,0.0049,1124,0.318,2,-999,-999,0.0084,2,144,-999,94,44,6,4.4
817,20,18.0,24.0,0.0049,1125,0.318,2,-999,-999,0.0084,2,144,-999,94,44,6,4.4
818,20,18.0,24.0,0.0049,1126,0.318,2,-999,-999,0.0084,2,144,-999,94,44,6,4.4
819,20,18.0,24.0,0.0049,1127,0.318,2,-999,-999,0.0084,2,144,-999,94,44,6,4.4
820,20,18.0,24.0,0.0049,1128,0.318,2,-999,-999,0.0084,2,144,-999,94,44,6,4.4
821,20,18.0,20.0,0.0049,1129,0.318,2,-999,-999,0.0084,2,144,-999,94,44,6,4.4
822,19,18.0,16.0,0.0049,1130,0.318,2,-999,-999,0.0084,2,145,-999,95,45,6,3.8
823,19,18.0,16.0,0.0049,1131,0.318,2,-999,-999,0.0084,2,145,-999,95,45,6,3.8
824,19,18.0,16.0,0.0049,1132,0.318,2,-999,-999,0.0084,2,145,-999,95,45,6,3.8
825,19,18.0,16.0,0.0049,1133,0.318,2,-999,-999,0.0084,2,145,-999,95,45,6,3.8
826,20,18.0,20.0,0.0049,1134,0.318,2,-999,-999,0.0084,2,145,-999,95,45,6,3.8
827,20,18.0,20.0,0.0049,1135,0.318,2,-999,-999,0.0084,2,145,-999,95,45,6,3.8
828,20,18.0,24.0,0.0049,1136,0.318,2,-999,-999,0.0084,2,145,-999,95,45,6,3.8
829,20,18.0,24.0,0.0049,1137,0.318,2,-999,-999,0.0084,2,145,-999,95,45,6,3.8
830,20,18.0,24.0,0.0049,1138,0.318,2,-999,-999,0.0084,2,145,-999,95,45,6,3.8
831,20,18.0,24.0,0.0049,1139,0.318,2,-999,-999,0.0084,2,145,-999,95,45,6,3.8
832,20,18.0,24.0,0.0049,1140,0.318,2,-999,-999,0.0084,2,145,-999,95,45,6,3.8
833,20,18.0,22.0,0.0049,1141,0.318,2,-999,-999,0.0084,2,145,-999,95,45,6,3.8
834,20,18.0,22.0,0.0049,1142,0.318,2,-999,-999,0.0084,2,145,-999,95,45,6,3.8
835,20,18.0,24.0,0.0049,1143,0.318,2,-999,-999,0.0084,2,145,-999,95,45,6,3.8
836,20,18.0,24.0,0.0049,1144,0.318,2,-999,-999,0.0084,2,145,-999,95,45,6,3.8
837,20,18.0,24.0,0.0049,1145,0.318,2,-999,-999,0.0084,2,145,-999,95,45,6,3.8
838,20,18.0,24.0,0.0049,1146,0.318,2,-999,-999,0.0084,2,145,-999,95,45,6,3.8
839,20,18.0,24.0,0.0049,1147,0.318,2,-999,-999,0.0084,2,145,-999,95,45,6,3.8
840,20,18.0,24.0,0.0049,1148,0.318,2,-999,-999,0.0084,2,145,-999,95,45,6,3.8
841,20,18.0,24.0,0.0049,1149,0.318,2,-999,-999,0.0084,2,145,-999,95,45,6,3.8
842,20,18.0,20.0,0.0049,1150,0.318,2,-999,-999,0.0084,2,145,-999,95,45,6,3.8
843,20,18.0,20.0,0.0049,1151,0.318,2,-999,-999,0.0084,2,145,-999,95,45,6,3.8
844,20,18.0,20.0,0.0049,1152,0.318,2,-999,-999,0.0084,2,145,-999,95,45,6,3.8
845,20,18.0,20.0,0.0049,1153,0.318,2,-999,-999,0.0084,2,146,-999,96,46,6,3.8
846,20,18.0,20.0,0.0049,1154,0.318,2,-999,-999,0.0084,2,146,-999,96,46,6,3.8
847,20,18.0,20.0,0.0049,1155,0.318,2,-999,-999,0.0084,2,146,-999,96,46,6,3.8
848,20,18.0,20.0,0.0049,1156,0.318,2,-999,-999,0.0084,2,146,-999,96,46,6,3.8
849,20,18.0,24.0,0.0049,1157,0.318,2,-999,-999,0.0084,2,146,-999,96,46,6,3.8
850,20,18.0,20.0,0.0049,1158,0.318,2,-999,-999,0.0084,2,146,-999,96,46,6,3.8
851,20,18.0,24.0,0.0049,1159,0.318,2,-999,-999,0.0084,2,146,-999,96,46,6,3.8
852,20,18.0,24.0,0.0049,1160,0.318,2,-999,-999,0.0084,2,146,-999,96,46,6,3.8
853,20,18.0,24.0,0.0049,1161,0.318,2,-999,-999,0.0084,2,146,-999,96,46,6,3.8
854,20,18.0,24.0,0.0049,1162,0.318,2,-999,-999,0.0084,2,146,-999,96,46,6,3.8
855,20,18.0,24.0,0.0049,1163,0.318,2,-999,-999,0.0084,2,146,-999,96,46,6,3.8
856,20,18.0,24.0,0.0049,1164,0.318,2,-999,-999,0.0084,2,146,-999,96,46,6,3.8
857,20,18.0,24.0,0.0049,1165,0.318,2,-999,-999,0.0084,2,146,-999,96,46,6,3.8
858,20,18.0,24.0,0.0049,1166,0.318,2,-999,-999,0.0084,2,146,-999,96,46,6,3.8
859,20,18.0,20.0,0.0049,1167,0.318,2,-999,-999,0.0084,2,146,-999,96,46,6,3.8
860,20,18.0,20.0,0.0049,1168,0.318,2,-999,-999,0.0084,2,146,-999,96,46,6,3.8
861,20,18.0,20.0,0.0049,1169,0.318,2,-999,-999,0.0084,2,146,-999,96,46,6,3.8
862,20,18.0,24.0,0.0049,1170,0.318,2,-999,-999,0.0084,2,146,-999,96,46,6,3.8
863,20,18.0,24.0,0.0049,1171,0.318,2,-999,-999,0.0084,2,146,-999,96,46,6,3.8
864,20,18.0,24.0,0.0049,1172,0.318,2,-999,-999,0.0084,2,146,-999,96,46,6,3.8
865,20,18.0,24.0,0.0049,1173,0.318,2,-999,-999,0.0084,2,146,-999,96,46,6,3.8
866,20,18.0,24.0,0.0049,1174,0.318,2,-999,-999,0.0084,2,146,-999,96,46,6,3.8
867,19,18.0,20.0,0.0049,1175,0.318,2,-999,-999,0.0084,2,147,-999,97,47,6,4.4
868,19,18.0,24.0,0.0049,1176,0.318,2,-999,-999,0.0084,2,147,-999,97,47,6,4.4
869,19,18.0,24.0,0.0049,1177,0.318,2,-999,-999,0.0084,2,147,-999,97,47,6,4.4
870,19,18.0,24.0,0.0049,1178,0.318,2,-999,-999,0.0084,2,147,-999,97,47,6,4.4
871,19,18.0,24.0,0.0049,1179,0.318,2,-999,-999,0.0084,2,147,-999,97,47,6,4.4
872,19,18.0,24.0,0.0049,1180,0.318,2,-999,-999,0.0084,2,147,-999,97,47,6,4.4
873,19,18.0,24.0,0.0049,1181,0.318,2,-999,-999,0.0084,2,147,-999,97,47,6,4.4
874,19,18.0,24.0,0.0049,1182,0.318,2,-999,-999,0.0084,2,147,-999,97,47,6,4.4
875,19,18.0,24.0,0.0049,1183,0.318,2,-999,-999,0.0084,2,147,-999,97,47,6,4.4
876,19,18.0,24.0,0.0049,1184,0.318,2,-999,-999,0.0084,2,147,-999,97,47,6,4.4
877,19,18.0,24.0,0.0049,1185,0.318,2,-999,-999,0.0084,2,147,-999,97,47,6,4.4
878,19,18.0,24.0,0.0049,1186,0.318,2,-999,-999,0.0084,2,147,-999,97,47,6,4.4
879,19,18.0,24.0,0.0049,1187,0.318,2,-999,-999,0.0084,2,147,-999,97,47,6,4.4
880,19,18.0,24.0,0.0049,1188,0.318,2,-999,-999,0.0084,2,147,-999,97,47,6,4.4
881,19,18.0,24.0,0.0049,1189,0.318,2,-999,-999,0.0084,2,147,-999,97,47,6,4.4
882,19,18.0,20.0,0.0049,1190,0.318,2,-999,-999,0.0084,2,147,-999,97,47,6,4.4
883,19,18.0,20.0,0.0049,1191,0.318,2,-999,-999,0.0084,2,147,-999,97,47,6,4.4
884,19,18.0,20.0,0.0049,1192,0.318,2,-999,-999,0.0084,2,147,-999,97,47,6,4.4
885,19,18.0,20.0,0.0049,1193,0.318,2,-999,-999,0.0084,2,147,-999,97,47,6,4.4
886,19,18.0,20.0,0.0049,1194,0.318,2,-999,-999,0.0084,2,147,-999,97,47,6,4.4
887,19,18.0,16.0,0.0049,1195,0.318,2,-999,-999,0.0084,2,147,-999,97,47,6,4.4
888,19,18.0,16.0,0.0049,1196,0.318,2,-999,-999,0.0084,2,147,-999,97,47,6,4.4
889,19,18.0,24.0,0.0049,1197,0.313,2,-999,-999,0.0084,2,148,-999,98,48,6,4.4
890,19,18.0,24.0,0.0049,1198,0.313,2,-999,-999,0.0084,2,148,-999,98,48,6,4.4
891,19,18.0,24.0,0.0049,1199,0.313,2,-999,-999,0.0084,2,148,-999,98,48,6,4.4
892,19,18.0,24.0,0.0049,1200,0.313,2,-999,-999,0.0084,2,148,-999,98,48,6,4.4
893,19,18.0,24.0,0.0049,1201,0.313,2,-999,-999,0.0084,2,148,-999,98,48,6,4.4
894,19,18.0,20.0,0.0049,1202,0.313,2,-999,-999,0.0084,2,148,-999,98,48,6,4.4
895,19,18.0,20.0,0.0049,1203,0.313,2,-999,-999,0.0084,2,148,-999,98,48,6,4.4
896,19,18.0,24.0,0.0049,1204,0.313,2,-999,-999,0.0084,2,148,-999,98,48,6,4.4
897,19,18.0,24.0,0.0049,1205,0.313,2,-999,-999,0.0084,2,148,-999,98,48,6,4.4
898,19,18.0,20.0,0.0049,1206,0.313,2,-999,-999,0.0084,2,148,-999,98,48,6,4.4
899,19,18.0,20.0,0.0049,1207,0.313,2,-999,-999,0.0084,2,148,-999,98,48,6,4.4
900,19,18.0,20.0,0.0049,1208,0.313,2,-999,-999,0.0084,2,148,-999,98,48,6,4.4
901,19,18.0,20.0,0.0049,1209,0.313,2,-999,-999,0.0084,2,148,-999,98,48,6,4.4
902,19,18.0,20.0,0.0049,1210,0.313,2,-999,-999,0.0084,2,148,-999,98,48,6,4.4
903,19,18.0,24.0,0.0049,1211,0.313,2,-999,-999,0.0084,2,148,-999,98,48,6,4.4
904,19,18.0,24.0,0.0049,1212,0.313,2,-999,-999,0.0084,2,148,-999,98,48,6,4.4
905,19,18.0,24.0,0.0049,1213,0.313,2,-999,-999,0.0084,2,148,-999,98,48,6,4.4
906,19,18.0,24.0,0.0049,1214,0.313,2,-999,-999,0.0084,2,148,-999,98,48,6,4.4
907,19,18.0,24.0,0.0049,1215,0.313,2,-999,-999,0.0084,2,148,-999,98,48,6,4.4
908,19,18.0,20.0,0.0049,1216,0.313,2,-999,-999,0.0084,2,148,-999,98,48,6,4.4
909,19,18.0,20.0,0.0049,1217,0.313,2,-999,-999,0.0084,2,148,-999,98,48,6,4.4
910,19,18.0,20.0,0.0049,1218,0.313,2,-999,-999,0.0084,2,148,-999,98,48,6,4.4
911,19,18.0,24.0,0.0049,1219,0.318,2,-999,-999,0.0084,2,149,-999,99,49,7,5.6
912,19,18.0,24.0,0.0049,1220,0.318,2,-999,-999,0.0084,2,149,-999,99,49,7,5.6
913,19,18.0,24.0,0.0049,1221,0.318,2,-999,-999,0.0084,2,149,-999,99,49,7,5.6
914,19,18.0,24.0,0.0049,1222,0.318,2,-999,-999,0.0084,2,149,-999,99,49,7,5.6
915,19,18.0,24.0,0.0049,1223,0.318,2,-999,-999,0.0084,2,149,-999,99,49,7,5.6
916,19,18.0,24.0,0.0049,1224,0.318,2,-999,-999,0.0084,2,149,-999,99,49,7,5.6
917,19,18.0,24.0,0.0049,1225,0.318,2,-999,-999,0.0084,2,149,-999,99,49,7,5.6
918,19,18.0,20.0,0.0049,1226,0.318,2,-999,-999,0.0084,2,149,-999,99,49,7,5.6
919,19,18.0,24.0,0.0049,1227,0.318,2,-999,-999,0.0084,2,149,-999,99,49,7,5.6
920,19,18.0,24.0,0.0049,1228,0.318,2,-999,-999,0.0084,2,149,-999,99,49,7,5.6
921,19,18.0,24.0,0.0049,1229,0.318,2,-999,-999,0.0084,2,149,-999,99,49,7,5.6
922,19,18.0,24.0,0.0049,1230,0.318,2,-999,-999,0.0084,2,149,-999,99,49,7,5.6
923,19,18.0,24.0,0.0049,1231,0.318,2,-999,-999,0.0084,2,149,-999,99,49,7,5.6
924,19,18.0,24.0,0.0049,1232,0.318,2,-999,-999,0.0084,2,149,-999,99,49,7,5.6
925,19,18.0,24.0,0.0049,1233,0.318,2,-999,-999,0.0084,2,149,-999,99,49,7,5.6
926,19,18.0,20.0,0.0049,1234,0.318,2,-999,-999,0.0084,2,149,-999,99,49,7,5.6
927,19,18.0,20.0,0.0049,1235,0.318,2,-999,-999,0.0084,2,149,-999,99,49,7,5.6
928,19,18.0,20.0,0.0049,1236,0.318,2,-999,-999,0.0084,2,149,-999,99,49,7,5.6
929,19,18.0,20.0,0.0049,1237,0.318,2,-999,-999,0.0084,2,149,-999,99,49,7,5.6
930,19,18.0,20.0,0.0049,1238,0.318,2,-999,-999,0.0084,2,149,-999,99,49,7,5.6
931,19,18.0,16.0,0.0049,1239,0.318,2,-999,-999,0.0084,2,149,-999,99,49,7,5.6
932,19,18.0,16.0,0.0049,1240,0.318,2,-999,-999,0.0084,2,149,-999,99,49,7,5.6
933,19,18.0,20.0,0.0049,1241,0.344,2,-999,-999,0.0084,2,150,-999,100,50,7,5.6
934,19,18.0,20.0,0.0049,1242,0.344,2,-999,-999,0.0084,2,150,-999,100,50,7,5.6
935,19,18.0,24.0,0.0049,1243,0.344,2,-999,-999,0.0084,2,150,-999,100,50,7,5.6
936,19,18.0,24.0,0.0049,1244,0.344,2,-999,-999,0.0084,2,150,-999,100,50,7,5.6
937,19,18.0,24.0,0.0049,1245,0.344,2,-999,-999,0.0084,2,150,-999,100,50,7,5.6
938,19,18.0,24.0,0.0049,1246,0.344,2,-999,-999,0.0084,2,150,-999,100,50,7,5.6
939,19,18.0,24.0,0.0049,1247,0.344,2,-999,-999,0.0084,2,150,-999,100,50,7,5.6
940,19,18.0,24.0,0.0049,1248,0.344,2,-999,-999,0.0084,2,150,-999,100,50,7,5.6
941,19,18.0,20.0,0.0049,1249,0.344,2,-999,-999,0.0084,2,150,-999,100,50,7,5.6
942,19,18.0,20.0,0.0049,1250,0.344,2,-999,-999,0.0084,2,150,-999,100,50,7,5.6
943,19,18.0,20.0,0.0049,1251,0.344,2,-999,-999,0.0084,2,150,-999,100,50,7,5.6
944,19,18.0,20.0,0.0049,1252,0.344,2,-999,-999,0.0084,2,150,-999,100,50,7,5.6
945,19,18.0,20.0,0.0049,1253,0.344,2,-999,-999,0.0084,2,150,-999,100,50,7,5.6
946,19,18.0,24.0,0.0049,1254,0.344,2,-999,-999,0.0084,2,150,-999,100,50,7,5.6
947,19,18.0,24.0,0.0049,1255,0.344,2,-999,-999,0.0084,2,150,-999,100,50,7,5.6
948,19,18.0,24.0,0.0049,1256,0.344,2,-999,-999,0.0084,2,150,-999,100,50,7,5.6
949,19,18.0,24.0,0.0049,1257,0.344,2,-999,-999,0.0084,2,150,-999,100,50,7,5.6
950,19,18.0,24.0,0.0049,1258,0.344,2,-999,-999,0.0084,2,150,-999,100,50,7,5.6
951,19,18.0,24.0,0.0049,1259,0.344,2,-999,-999,0.0084,2,150,-999,100,50,7,5.6
952,19,18.0,20.0,0.0049,1260,0.344,2,-999,-999,0.0084,2,150,-999,100,50,7,5.6
953,19,18.0,20.0,0.0049,1261,0.344,2,-999,-999,0.0084,2,150,-999,100,50,7,5.6
954,19,18.0,20.0,0.0049,1262,0.344,2,-999,-999,0.0084,2,150,-999,100,50,7,5.6
955,19,18.0,20.0,0.0049,1263,0.344,2,-999,-999,0.0084,2,151,-999,101,51,7,5.6
956,19,18.0,20.0,0.0049,1264,0.344,2,-999,-999,0.0084,2,151,-999,101,51,7,5.6
957,19,18.0,24.0,0.0049,1265,0.344,2,-999,-999,0.0084,2,151,-999,101,51,7,5.6
958,19,18.0,24.0,0.0049,1266,0.344,2,-999,-999,0.0084,2,151,-999,101,51,7,5.6
959,19,18.0,24.0,0.0049,1267,0.344,2,-999,-999,0.0084,2,151,-999,101,51,7,5.6
960,19,18.0,24.0,0.0049,1268,0.344,2,-999,-999,0.0084,2,151,-999,101,51,7,5.6
961,19,18.0,24.0,0.0049,1269,0.344,2,-999,-999,0.0084,2,151,-999,101,51,7,5.6
962,19,18.0,24.0,0.0049,1270,0.344,2,-999,-999,0.0084,2,151,-999,101,51,7,5.6
963,19,18.0,20.0,0.0049,1271,0.344,2,-999,-999,0.0084,2,151,-999,101,51,7,5.6
964,19,18.0,20.0,0.0049,1272,0.344,2,-999,-999,0.0084,2,151,-999,101,51,7,5.6
965,19,18.0,20.0,0.0049,1273,0.344,2,-999,-999,0.0084,2,151,-999,101,51,7,5.6
966,19,18.0,20.0,0.0049,1274,0.344,2,-999,-999,0.0084,2,151,-999,101,51,7,5.6
967,19,18.0,20.0,0.0049,1275,0.344,2,-999,-999,0.0084,2,151,-999,101,51,7,5.6
968,19,18.0,24.0,0.0049,1276,0.344,2,-999,-999,0.0084,2,151,-999,101,51,7,5.6
969,19,18.0,24.0,0.0049,1277,0.344,2,-999,-999,0.0084,2,151,-999,101,51,7,5.6
970,19,18.0,24.0,0.0049,1278,0.344,2,-999,-999,0.0084,2,151,-999,101,51,7,5.6
971,19,18.0,24.0,0.0049,1279,0.344,2,-999,-999,0.0084,2,151,-999,101,51,7,5.6
972,19,18.0,24.0,0.0049,1280,0.344,2,-999,-999,0.0084,2,151,-999,101,51,7,5.6
973,19,18.0,24.0,0.0049,1281,0.344,2,-999,-999,0.0084,2,151,-999,101,51,7,5.6
974,19,18.0,20.0,0.0049,1282,0.344,2,-999,-999,0.0084,2,151,-999,101,51,7,5.6
975,19,18.0,20.0,0.0049,1283,0.344,2,-999,-999,0.0084,2,151,-999,101,51,7,5.6
976,19,18.0,20.0,0.0049,1284,0.344,2,-999,-999,0.0084,2,151,-999,101,51,7,5.6
977,19,18.0,20.0,0.0049,1285,0.344,2,-999,-999,0.0084,2,152,-999,102,52,7,5.6
978,19,18.0,20.0,0.0049,1286,0.344,2,-999,-999,0.0084,2,152,-999,102,52,7,5.6
979,19,18.0,24.0,0.0049,1287,0.344,2,-999,-999,0.0084,2,152,-999,102,52,7,5.6
980,19,18.0,24.0,0.0049,1288,0.344,2,-999,-999,0.0084,2,152,-999,102,52,7,5.6
981,19,18.0,24.0,0.0049,1289,0.344,2,-999,-999,0.0084,2,152,-999,102,52,7,5.6
982,19,18.0,24.0,0.0049,1290,0.344,2,-999,-999,0.0084,2,152,-999,102,52,7,5.6
983,19,18.0,24.0,0.0049,1291,0.344,2,-999,-999,0.0084,2,152,-999,102,52,7,5.6
984,19,18.0,24.0,0.0049,1292,0.344,2,-999,-999,0.0084,2,152,-999,102,52,7,5.6
985,19,18.0,20.0,0.0049,1293,0.344,2,-999,-999,0.0084,2,152,-999,102,52,7,5.6
986,19,18.0,20.0,0.0049,1294,0.344,2,-999,-999,0.0084,2,152,-999,102,52,7,5.6
987,19,18.0,20.0,0.0049,1295,0.344,2,-999,-999,0.0084,2,152,-999,102,52,7,5.6
988,19,18.0,20.0,0.0049,1296,0.344,2,-999,-999,0.0084,2,152,-999,102,52,7,5.6
989,19,18.0,20.0,0.0049,1297,0.344,2,-999,-999,0.0084,2,152,-999,102,52,7,5.6
990,19,18.0,24.0,0.0049,1298,0.344,2,-999,-999,0.0084,2,152,-999,102,52,7,5.6
991,19,18.0,24.0,0.0049,1299,0.344,2,-999,-999,0.0084,2,152,-999,102,52,7,5.6
992,19,18.0,24.0,0.0049,1300,0.344,2,-999,-999,0.0084,2,152,-999,102,52,7,5.6
993,19,18.0,24.0,0.0049,1301,0.344,2,-999,-999,0.0084,2,152,-999,102,52,7,5.6
994,19,18.0,24.0,0.0049,1302,0.344,2,-999,-999,0.0084,2,152,-999,102,52,7,5.6
995,19,18.0,24.0,0.0049,1303,0.344,2,-999,-999,0.0084,2,152,-999,102,52,7,5.6
996,19,18.0,20.0,0.0049,1304,0.344,2,-999,-999,0.0084,2,152,-999,102,52,7,5.6
997,19,18.0,20.0,0.0049,1305,0.344,2,-999,-999,0.0084,2,152,-999,102,52,7,5.6
998,19,18.0,20.0,0.0049,1306,0.344,2,-999,-999,0.0084,2,152,-999,102,52,7,5.6
999,19,18.0,20.0,0.0049,1307,0.344,2,-999,-999,0.0084,2,153,-999,103,53,7,5.6
1000,19,18.0,20.0,0.0049,1308,0.344,2,-999,-999,0.0084,2,153,-999,103,53,7,5.6
1001,19,18.0,24.0,0.0049,1309,0.344,2,-999,-999,0.0084,2,153,-999,103,53,7,5.6
1002,19,18.0,24.0,0.0049,1310,0.344,2,-999,-999,0.0084,2,153,-999,103,53,7,5.6
1003,19,18.0,24.0,0.0049,1311,0.344,2,-999,-999,0.0084,2,153,-999,103,53,7,5.6
1004,19,18.0,24.0,0.0049,1312,0.344,2,-999,-999,0.0084,2,153,-999,103,53,7,5.6
1005,19,18.0,24.0,0.0049,1313,0.344,2,-999,-999,0.0084,2,153,-999,103,53,7,5.6
1006,19,18.0,24.0,0.0049,1314,0.344,2,-999,-999,0.0084,2,153,-999,103,53,7,5.6
1007,19,18.0,20.0,0.0049,1315,0.344,2,-999,-999,0.0084,2,153,-999,103,53,7,5.6
1008,19,18.0,20.0,0.0049,1316,0.344,2,-999,-999,0.0084,2,153,-999,103,53,7,5.6
1009,19,18.0,20.0,0.0049,1317,0.344,2,-999,-999,0.0084,2,153,-999,103,53,7,5.6
1010,19,18.0,20.0,0.0049,1318,0.344,2,-999,-999,0.0084,2,153,-999,103,53,7,5.6
1011,19,18.0,20.0,0.0049,1319,0.344,2,-999,-999,0.0084,2,153,-999,103,53,7,5.6
1012,19,18.0,24.0,0.0049,1320,0.344,2,-999,-999,0.0084,2,153,-999,103,53,7,5.6
1013,19,18.0,24.0,0.0049,1321,0.344,2,-999,-999,0.0084,2,153,-999,103,53,7,5.6
1014,19,18.0,24.0,0.0049,1322,0.344,2,-999,-999,0.0084,2,153,-999,103,53,7,5.6
1015,19,18.0,24.0,0.0049,1323,0.344,2,-999,-999,0.0084,2,153,-999,103,53,7,5.6
1016,19,18.0,24.0,0.0049,1324,0.344,2,-999,-999,0.0084,2,153,-999,103,53,7,5.6
1017,19,18.0,24.0,0.0049,1325,0.344,2,-999,-999,0.0084,2,153,-999,103,53,7,5.6
1018,19,18.0,20.0,0.0049,1326,0.344,2,-999,-999,0.0084,2,153,-999,103,53,7,5.6
1019,19,18.0,20.0,0.0049,1327,0.344,2,-999,-999,0.0084,2,153,-999,103,53,7,5.6
1020,19,18.0,20.0,0.0049,1328,0.344,2,-999,-999,0.0084,2,153,-999,103,53,7,5.6
1021,19,18.0,20.0,0.0049,1329,0.348,2,-999,-999,0.0084,2,154,-999,104,54,7,5.6
1022,19,18.0,20.0,0.0049,1330,0.348,2,-999,-999,0.0084,2,154,-999,104,54,7,5.6
1023,19,18.0,24.0,0.0049,1331,0.348,2,-999,-999,0.0084,2,154,-999,104,54,7,5.6
1024,19,18.0,24.0,0.0049,1332,0.348,2,-999,-999,0.0084,2,154,-999,104,54,7,5.6
1025,19,18.0,24.0,0.0049,1333,0.348,2,-999,-999,0.0084,2,154,-999,104,54,7,5.6
1026,19,18.0,24.0,0.0049,1334,0.348,2,-999,-999,0.0084,2,154,-999,104,54,7,5.6
1027,19,18.0,24.0,0.0049,1335,0.348,2,-999,-999,0.0084,2,154,-999,104,54,7,5.6
1028,19,18.0,24.0,0.0049,1336,0.348,2,-999,-999,0.0084,2,154,-999,104,54,7,5.6
1029,19,18.0,20.0,0.0049,1337,0.348,2,-999,-999,0.0084,2,154,-999,104,54,7,5.6
1030,19,18.0,20.0,0.0049,1338,0.348,2,-999,-999,0.0084,2,154,-999,104,54,7,5.6
1031,19,18.0,20.0,0.0049,1339,0.348,2,-999,-999,0.0084,2,154,-999,104,54,7,5.6
1032,19,18.0,20.0,0.0049,1340,0.348,2,-999,-999,0.0084,2,154,-999,104,54,7,5.6
1033,19,18.0,20.0,0.0049,1341,0.348,2,-999,-999,0.0084,2,154,-999,104,54,7,5.6
1034,19,18.0,24.0,0.0049,1342,0.348,2,-999,-999,0.0084,2,154,-999,104,54,7,5.6
1035,19,18.0,24.0,0.0049,1343,0.348,2,-999,-999,0.0084,2,154,-999,104,54,7,5.6
1036,19,18.0,24.0,0.0049,1344,0.348,2,-999,-999,0.0084,2,154,-999,104,54,7,5.6
1037,19,18.0,24.0,0.0049,1345,0.348,2,-999,-999,0.0084,2,154,-999,104,54,7,5.6
1038,19,18.0,24.0,0.0049,1346,0.348,2,-999,-999,0.0084,2,154,-999,104,54,7,5.6
1039,19,18.0,20.0,0.0049,1347,0.348,2,-999,-999,0.0084,2,154,-999,104,54,7,5.6
1040,19,18.0,20.0,0.0049,1348,0.348,2,-999,-999,0.0084,2,154,-999,104,54,7,5.6
1041,19,18.0,20.0,0.0049,1349,0.348,2,-999,-999,0.0084,2,154,-999,104,54,7,5.6
1042,19,18.0,20.0,0.0049,1350,0.348,2,-999,-999,0.0084,2,154,-999,104,54,7,5.6
1043,19,18.0,20.0,0.0049,1351,0.348,2,-999,-999,0.0084,2,155,-999,105,55,7,5.6
1044,19,18.0,24.0,0.0049,1352,0.348,2,-999,-999,0.0084,2,155,-999,105,55,7,5.6
1045,19,18.0,24.0,0.0049,1353,0.348,2,-999,-999,0.0084,2,155,-999,105,55,7,5.6
1046,19,18.0,24.0,0.0049,1354,0.348,2,-999,-999,0.0084,2,155,-999,105,55,7,5.6
1047,19,18.0,24.0,0.0049,1355,0.348,2,-999,-999,0.0084,2,155,-999,105,55,7,5.6
1048,19,18.0,24.0,0.0049,1356,0.348,2,-999,-999,0.0084,2,155,-999,105,55,7,5.6
1049,19,18.0,24.0,0.0049,1357,0.348,2,-999,-999,0.0084,2,155,-999,105,55,7,5.6
1050,19,18.0,20.0,0.0049,1358,0.348,2,-999,-999,0.0084,2,155,-999,105,55,7,5.6
1051,19,18.0,20.0,0.0049,1359,0.348,2,-999,-999,0.0084,2,155,-999,105,55,7,5.6
1052,19,18.0,20.0,0.0049,1360,0.348,2,-999,-999,0.0084,2,155,-999,105,55,7,5.6
1053,19,18.0,20.0,0.0049,1361,0.348,2,-999,-999,0.0084,2,155,-999,105,55,7,5.6
1054,19,18.0,20.0,0.0049,1362,0.348,2,-999,-999,0.0084,2,155,-999,105,55,7,5.6
1055,19,18.0,24.0,0.0049,1363,0.348,2,-999,-999,0.0084,2,155,-999,105,55,7,5.6
1056,19,18.0,24.0,0.0049,1364,0.348,2,-999,-999,0.0084,2,155,-999,105,55,7,5.6
1057,19,18.0,24.0,0.0049,1365,0.348,2,-999,-999,0.0084,2,155,-999,105,55,7,5.6
1058,19,18.0,24.0,0.0049,1366,0.348,2,-999,-999,0.0084,2,155,-999,105,55,7,5.6
1059,19,18.0,24.0,0.0049,1367,0.348,2,-999,-999,0.0084,2,155,-999,105,55,7,5.6
1060,19,18.0,24.0,0.0049,1368,0.348,2,-999,-999,0.0084,2,155,-999,105,55,7,5.6
1061,19,18.0,24.0,0.0049,1369,0.348,2,-999,-999,0.0084,2,155,-999,105,55,7,5.6
1062,19,18.0,20.0,0.0049,1370,0.348,2,-999,-999,0.0084,2,155,-999,105,55,7,5.6
1063,19,18.0,20.0,0.0049,1371,0.348,2,-999,-999,0.0084,2,155,-999,105,55,7,5.6
1064,19,18.0,20.0,0.0049,1372,0.348,2,-999,-999,0.0084,2,155,-999,105,55,7,5.6
1065,19,18.0,20.0,0.0049,1373,0.348,2,-999,-999,0.0084,2,156,-999,106,56,7,4.4
1066,19,18.0,20.0,0.0049,1374,0.348,2,-999,-999,0.0084,2,156,-999,106,56,7,4.4
1067,19,18.0,24.0,0.0049,1375,0.348,2,-999,-999,0.0084,2,156,-999,106,56,7,4.4
1068,19,18.0,24.0,0.0049,1376,0.348,2,-999,-999,0.0084,2,156,-999,106,56,7,4.4
1069,19,18.0,24.0,0.0049,1377,0.348,2,-999,-999,0.0084,2,156,-999,106,56,7,4.4
1070,19,18.0,24.0,0.0049,1378,0.348,2,-999,-999,0.0084,2,156,-999,106,56,7,4.4
1071,19,18.0,24.0,0.0049,1379,0.348,2,-999,-999,0.0084,2,156,-999,106,56,7,4.4
1072,19,18.0,24.0,0.0049,1380,0.348,2,-999,-999,0.0084,2,156,-999,106,56,7,4.4
1073,19,18.0,24.0,0.0049,1381,0.348,2,-999,-999,0.0084,2,156,-999,106,56,7,4.4
1074,19,18.0,20.0,0.0049,1382,0.348,2,-999,-999,0.0084,2,156,-999,106,56,7,4.4
1075,19,18.0,20.0,0.0049,1383,0.348,2,-999,-999,0.0084,2,156,-999,106,56,7,4.4
1076,19,18.0,20.0,0.0049,1384,0.348,2,-999,-999,0.0084,2,156,-999,106,56,7,4.4
1077,19,18.0,20.0,0.0049,1385,0.348,2,-999,-999,0.0084,2,156,-999,106,56,7,4.4
1078,19,18.0,20.0,0.0049,1386,0.348,2,-999,-999,0.0084,2,156,-999,106,56,7,4.4
1079,19,18.0,24.0,0.0049,1387,0.348,2,-999,-999,0.0084,2,156,-999,106,56,7,4.4
1080,19,18.0,24.0,0.0049,1388,0.348,2,-999,-999,0.0084,2,156,-999,106,56,7,4.4
1081,19,18.0,24.0,0.0049,1389,0.348,2,-999,-999,0.0084,2,156,-999,106,56,7,4.4
1082,19,18.0,24.0,0.0049,1390,0.348,2,-999,-999,0.0084,2,156,-999,106,56,7,4.4
1083,19,18.0,24.0,0.0049,1391,0.348,2,-999,-999,0.0084,2,156,-999,106,56,7,4.4
1084,19,18.0,20.0,0.0049,1392,0.348,2,-999,-999,0.0084,2,156,-999,106,56,7,4.4
1085,19,18.0,20.0,0.0049,1393,0.348,2,-999,-999,0.0084,2,156,-999,106,56,7,4.4
1086,19,18.0,20.0,0.0049,1394,0.348,2,-999,-999,0.0084,2,156,-999,106,56,7,4.4
1087,19,18.0,20.0,0.0049,1395,0.348,2,-999,-999,0.0084,2,157,-999,107,57,7,5.6
1088,19,18.0,20.0,0.0049,1396,0.348,2,-999,-999,0.0084,2,157,-999,107,57,7,5.6
1089,19,18.0,24.0,0.0049,1397,0.348,2,-999,-999,0.0084,2,157,-999,107,57,7,5.6
1090,19,18.0,24.0,0.0049,1398,0.348,2,-999,-999,0.0084,2,157,-999,107,57,7,5.6
1091,19,18.0,24.0,0.0049,1399,0.348,2,-999,-999,0.0084,2,157,-999,107,57,7,5.6
1092,19,18.0,24.0,0.0049,1400,0.348,2,-999,-999,0.0084,2,157,-999,107,57,7,5.6
1093,19,18.0,24.0,0.0049,1401,0.348,2,-999,-999,0.0084,2,157,-999,107,57,7,5.6
1094,19,18.0,24.0,0.0049,1402,0.348,2,-999,-999,0.0084,2,157,-999,107,57,7,5.6
1095,19,18.0,24.0,0.0049,1403,0.348,2,-999,-999,0.0084,2,157,-999,107,57,7,5.6
1096,19,18.0,20.0,0.0049,1404,0.348,2,-999,-999,0.0084,2,157,-999,107,57,7,5.6
1097,19,18.0,20.0,0.0049,1405,0.348,2,-999,-999,0.0084,2,157,-999,107,57,7,5.6
1098,19,18.0,20.0,0.0049,1406,0.348,2,-999,-999,0.0084,2,157,-999,107,57,7,5.6
1099,19,18.0,20.0,0.0049,1407,0.348,2,-999,-999,0.0084,2,157,-999,107,57,7,5.6
1100,19,18.0,20.0,0.0049,1408,0.348,2,-999,-999,0.0084,2,157,-999,107,57,7,5.6
1101,19,18.0,24.0,0.0049,1409,0.348,2,-999,-999,0.0084,2,157,-999,107,57,7,5.6
1102,19,18.0,24.0,0.0049,1410,0.348,2,-999,-999,0.0084,2,157,-999,107,57,7,5.6
1103,19,18.0,24.0,0.0049,1411,0.348,2,-999,-999,0.0084,2,157,-999,107,57,7,5.6
1104,19,18.0,24.0,0.0049,1412,0.348,2,-999,-999,0.0084,2,157,-999,107,57,7,5.6
1105,19,18.0,24.0,0.0049,1413,0.348,2,-999,-999,0.0084,2,157,-999,107,57,7,5.6
1106,19,18.0,20.0,0.0049,1414,0.348,2,-999,-999,0.0084,2,157,-999,107,57,7,5.6
1107,19,18.0,20.0,0.0049,1415,0.348,2,-999,-999,0.0084,2,157,-999,107,57,7,5.6
1108,19,18.0,20.0,0.0049,1416,0.348,2,-999,-999,0.0084,2,157,-999,107,57,7,5.6
