string_id,combiner_device_id,combiner_name_long,module_equipment_id,modules_per_string,strings_per_combiner,racking_equipment_id,racking_device_id,racking_controls_gcr,dc_line_to_combiner_stc,dc_line_to_inverter_stc,pcs_module_device_id,pcs_device_id,pcs_name_short,pcs_equipment_id,transformer_device_id,transformer_equipment_id,block_device_id,circuit_device_id,met_name
0,403,1.01,2,6,84,2,-999,0.415,1.63,0.35,,121,1,0,121,0,27,,1
1,404,1.02,2,6,112,2,-999,0.415,1.63,0.39,,121,1,0,121,0,27,,1
2,405,1.03,2,6,112,2,-999,0.415,1.63,0.32,,121,1,0,121,0,27,,1
3,406,1.04,2,6,112,2,-999,0.415,1.63,0.25,,121,1,0,121,0,27,,1
4,407,1.05,2,6,112,2,-999,0.415,1.63,0.18,,121,1,0,121,0,27,,1
5,408,1.06,2,6,112,2,-999,0.415,1.63,0.12,,121,1,0,121,0,27,,1
6,409,1.07,2,6,112,2,-999,0.415,1.63,0.08,,121,1,0,121,0,27,,1
7,410,1.08,2,6,112,2,-999,0.415,1.63,0.11,,121,1,0,121,0,27,,1
8,411,1.09,2,6,112,2,-999,0.415,1.63,0.18,,121,1,0,121,0,27,,1
9,412,1.1,2,6,112,2,-999,0.415,1.63,0.25,,121,1,0,121,0,27,,1
10,413,1.11,2,6,112,2,-999,0.415,1.63,0.32,,121,1,0,121,0,27,,1
11,414,1.12,2,6,112,2,-999,0.415,1.63,0.39,,121,1,0,121,0,27,,1
12,415,1.13,2,6,84,2,-999,0.415,1.63,0.35,,121,1,0,121,0,27,,1
13,416,2.01,2,6,84,2,-999,0.415,1.63,0.32,,122,2,0,122,0,28,,1
14,417,2.02,2,6,112,2,-999,0.415,1.63,0.36,,122,2,0,122,0,28,,1
15,418,2.03,2,6,112,2,-999,0.415,1.63,0.29,,122,2,0,122,0,28,,1
16,419,2.04,2,6,112,2,-999,0.415,1.63,0.22,,122,2,0,122,0,28,,1
17,420,2.05,2,6,112,2,-999,0.415,1.63,0.15,,122,2,0,122,0,28,,1
18,421,2.06,2,6,112,2,-999,0.415,1.63,0.08,,122,2,0,122,0,28,,1
19,422,2.07,2,6,112,2,-999,0.415,1.63,0.08,,122,2,0,122,0,28,,1
20,423,2.08,2,6,112,2,-999,0.415,1.63,0.15,,122,2,0,122,0,28,,1
21,424,2.09,2,6,112,2,-999,0.415,1.63,0.22,,122,2,0,122,0,28,,1
22,425,2.1,2,6,112,2,-999,0.415,1.63,0.29,,122,2,0,122,0,28,,1
23,426,2.11,2,6,112,2,-999,0.415,1.63,0.36,,122,2,0,122,0,28,,1
24,427,2.12,2,6,84,2,-999,0.415,1.63,0.32,,122,2,0,122,0,28,,1
25,428,2.13,2,6,104,2,-999,0.415,1.46,0.49,,122,2,0,122,0,28,,1
26,429,3.01,2,6,112,2,-999,0.415,1.63,0.46,,123,3,0,123,0,29,,1
27,430,3.02,2,6,112,2,-999,0.415,1.63,0.39,,123,3,0,123,0,29,,1
28,431,3.03,2,6,112,2,-999,0.415,1.63,0.32,,123,3,0,123,0,29,,1
29,432,3.04,2,6,112,2,-999,0.415,1.63,0.46,,123,3,0,123,0,29,,1
30,433,3.05,2,6,112,2,-999,0.415,1.63,0.46,,123,3,0,123,0,29,,1
31,434,3.06,2,6,112,2,-999,0.415,1.63,0.11,,123,3,0,123,0,29,,1
32,435,3.07,2,6,112,2,-999,0.415,1.63,0.06,,123,3,0,123,0,29,,1
33,436,3.08,2,6,112,2,-999,0.415,1.63,0.11,,123,3,0,123,0,29,,1
34,437,3.09,2,6,112,2,-999,0.415,1.63,0.46,,123,3,0,123,0,29,,1
35,438,3.1,2,6,112,2,-999,0.415,1.63,0.46,,123,3,0,123,0,29,,1
36,439,3.11,2,6,112,2,-999,0.415,1.63,0.32,,123,3,0,123,0,29,,1
37,440,3.12,2,6,112,2,-999,0.415,1.63,0.39,,123,3,0,123,0,29,,1
38,441,3.13,2,6,112,2,-999,0.415,1.63,0.46,,123,3,0,123,0,29,,1
39,442,4.01,2,6,84,2,-999,0.415,1.63,0.17,,124,4,0,124,0,30,,1
40,443,4.02,2,6,112,2,-999,0.415,1.63,0.16,,124,4,0,124,0,30,,1
41,444,4.03,2,6,112,2,-999,0.415,1.63,0.09,,124,4,0,124,0,30,,1
42,445,4.04,2,6,112,2,-999,0.415,1.63,0.06,,124,4,0,124,0,30,,1
43,446,4.05,2,6,112,2,-999,0.415,1.63,0.13,,124,4,0,124,0,30,,1
44,447,4.06,2,6,112,2,-999,0.415,1.63,0.2,,124,4,0,124,0,30,,1
45,448,4.07,2,6,112,2,-999,0.415,1.63,0.41,,124,4,0,124,0,30,,1
46,449,4.08,2,6,112,2,-999,0.415,1.63,0.33,,124,4,0,124,0,30,,1
47,450,4.09,2,6,112,2,-999,0.415,1.63,0.4,,124,4,0,124,0,30,,1
48,451,4.1,2,6,90,2,-999,0.415,0.43,0.28,,124,4,0,124,0,30,,1
49,452,4.11,2,6,100,2,-999,0.415,0.43,0.16,,124,4,0,124,0,30,,1
50,453,4.12,2,6,100,2,-999,0.415,0.43,0.04,,124,4,0,124,0,30,,1
51,454,4.13,2,6,100,2,-999,0.415,0.43,0.18,,124,4,0,124,0,30,,1
52,455,4.14,2,6,96,2,-999,0.415,0.74,0.3,,124,4,0,124,0,30,,1
53,456,5.01,2,6,84,2,-999,0.415,1.63,0.26,,125,5,0,125,0,31,,1
54,457,5.02,2,6,112,2,-999,0.415,1.63,0.28,,125,5,0,125,0,31,,1
55,458,5.03,2,6,112,2,-999,0.415,1.63,0.21,,125,5,0,125,0,31,,1
56,459,5.04,2,6,112,2,-999,0.415,1.32,0.14,,125,5,0,125,0,31,,1
57,460,5.05,2,6,112,2,-999,0.415,0.85,0.07,,125,5,0,125,0,31,,1
58,461,5.06,2,6,88,2,-999,0.415,1.05,0.25,,125,5,0,125,0,31,,1
59,462,5.07,2,6,110,2,-999,0.415,1.05,0.25,,125,5,0,125,0,31,,1
60,463,5.08,2,6,110,2,-999,0.415,1.05,0.16,,125,5,0,125,0,31,,1
61,464,5.09,2,6,110,2,-999,0.415,1.05,0.08,,125,5,0,125,0,31,,1
62,465,5.1,2,6,110,2,-999,0.415,1.05,0.06,,125,5,0,125,0,31,,1
63,466,5.11,2,6,110,2,-999,0.415,1.05,0.14,,125,5,0,125,0,31,,1
64,467,5.12,2,6,110,2,-999,0.415,1.05,0.23,,125,5,0,125,0,31,,1
65,468,5.13,2,6,88,2,-999,0.415,1.05,0.24,,125,5,0,125,0,31,,1
66,469,5.14,2,6,94,2,-999,0.415,0.68,0.56,,125,5,0,125,0,31,,1
67,470,6.01,1,6,84,2,-999,0.415,1.63,0.2,,126,6,0,126,0,32,,2
68,471,6.02,1,6,112,2,-999,0.415,1.63,0.2,,126,6,0,126,0,32,,2
69,472,6.03,1,6,112,2,-999,0.415,1.63,0.13,,126,6,0,126,0,32,,2
70,473,6.04,1,6,112,2,-999,0.415,1.63,0.08,,126,6,0,126,0,32,,2
71,474,6.05,1,6,112,2,-999,0.415,1.63,0.11,,126,6,0,126,0,32,,2
72,475,6.06,1,6,112,2,-999,0.415,1.63,0.18,,126,6,0,126,0,32,,2
73,476,6.07,1,6,112,2,-999,0.415,1.63,0.25,,126,6,0,126,0,32,,2
74,477,6.08,1,6,84,2,-999,0.415,1.63,0.16,,126,6,0,126,0,32,,2
75,478,6.09,1,6,112,2,-999,0.415,1.63,0.15,,126,6,0,126,0,32,,2
76,479,6.1,1,6,112,2,-999,0.415,1.63,0.08,,126,6,0,126,0,32,,2
77,480,6.11,1,6,112,2,-999,0.415,1.63,0.04,,126,6,0,126,0,32,,2
78,481,6.12,1,6,112,2,-999,0.415,1.63,0.09,,126,6,0,126,0,32,,2
79,482,6.13,1,6,112,2,-999,0.415,1.63,0.16,,126,6,0,126,0,32,,2
80,483,6.14,1,6,84,2,-999,0.415,1.63,0.17,,126,6,0,126,0,32,,2
81,484,7.01,1,6,106,2,-999,0.415,1.43,0.27,,127,7,0,127,0,33,,2
82,485,7.02,1,6,104,2,-999,0.415,1.36,0.2,,127,7,0,127,0,33,,2
83,486,7.03,1,6,98,2,-999,0.415,1.19,0.13,,127,7,0,127,0,33,,2
84,487,7.04,1,6,96,2,-999,0.415,1.14,0.07,,127,7,0,127,0,33,,2
85,488,7.05,1,6,108,2,-999,0.415,0.89,0.12,,127,7,0,127,0,33,,2
86,489,7.06,1,6,98,2,-999,0.415,0.85,0.22,,127,7,0,127,0,33,,2
87,490,7.07,1,6,112,2,-999,0.415,1.63,0.25,,127,7,0,127,0,33,,2
88,491,7.08,1,6,112,2,-999,0.415,1.63,0.18,,127,7,0,127,0,33,,2
89,492,7.09,1,6,112,2,-999,0.415,1.63,0.11,,127,7,0,127,0,33,,2
90,493,7.1,1,6,112,2,-999,0.415,1.63,0.04,,127,7,0,127,0,33,,2
91,494,7.11,1,6,112,2,-999,0.415,1.63,0.06,,127,7,0,127,0,33,,2
92,495,7.12,1,6,112,2,-999,0.415,1.63,0.13,,127,7,0,127,0,33,,2
93,496,7.13,1,6,112,2,-999,0.415,1.63,0.2,,127,7,0,127,0,33,,2
94,497,7.14,1,6,84,2,-999,0.415,1.63,0.2,,127,7,0,127,0,33,,2
95,498,8.01,1,6,98,2,-999,0.415,0.85,0.3,,128,8,0,128,0,34,,2
96,499,8.02,1,6,98,2,-999,0.415,0.85,0.2,,128,8,0,128,0,34,,2
97,500,8.03,1,6,92,2,-999,0.415,0.75,0.09,,128,8,0,128,0,34,,2
98,501,8.04,1,6,98,2,-999,0.415,0.51,0.13,,128,8,0,128,0,34,,2
99,502,8.05,1,6,112,2,-999,0.415,1.63,0.31,,128,8,0,128,0,34,,2
100,503,8.06,1,6,112,2,-999,0.415,1.63,0.24,,128,8,0,128,0,34,,2
101,504,8.07,1,6,112,2,-999,0.415,1.63,0.17,,128,8,0,128,0,34,,2
102,505,8.08,1,6,112,2,-999,0.415,1.63,0.1,,128,8,0,128,0,34,,2
103,506,8.09,1,6,112,2,-999,0.415,1.63,0.05,,128,8,0,128,0,34,,2
104,507,8.1,1,6,112,2,-999,0.415,1.63,0.07,,128,8,0,128,0,34,,2
105,508,8.11,1,6,112,2,-999,0.415,1.63,0.14,,128,8,0,128,0,34,,2
106,509,8.12,1,6,112,2,-999,0.415,1.63,0.21,,128,8,0,128,0,34,,2
107,510,8.13,1,6,112,2,-999,0.415,1.63,0.28,,128,8,0,128,0,34,,2
108,511,8.14,1,6,84,2,-999,0.415,1.63,0.26,,128,8,0,128,0,34,,2
109,512,9.01,1,6,98,2,-999,0.415,1.63,0.78,,129,9,0,129,0,35,,1
110,513,9.02,1,6,98,2,-999,0.415,1.63,0.73,,129,9,0,129,0,35,,1
111,514,9.03,1,6,98,2,-999,0.415,1.63,0.69,,129,9,0,129,0,35,,1
112,515,9.04,1,6,98,2,-999,0.415,1.63,0.63,,129,9,0,129,0,35,,1
113,516,9.05,1,6,112,2,-999,0.415,1.63,0.65,,129,9,0,129,0,35,,1
114,517,9.06,1,6,112,2,-999,0.415,1.63,0.58,,129,9,0,129,0,35,,1
115,518,9.07,1,6,112,2,-999,0.415,1.63,0.51,,129,9,0,129,0,35,,1
116,519,9.08,1,6,112,2,-999,0.415,0.85,0.05,,129,9,0,129,0,35,,1
117,520,9.09,1,6,112,2,-999,0.415,0.85,0.18,,129,9,0,129,0,35,,1
118,521,9.1,1,6,112,2,-999,0.415,0.85,0.32,,129,9,0,129,0,35,,1
119,522,9.11,1,6,112,2,-999,0.415,0.85,0.46,,129,9,0,129,0,35,,1
120,523,9.12,1,6,112,2,-999,0.415,0.85,0.6,,129,9,0,129,0,35,,1
121,524,9.13,1,6,92,2,-999,0.415,0.75,0.61,,129,9,0,129,0,35,,1
122,525,9.14,1,6,96,2,-999,0.415,0.47,0.85,,129,9,0,129,0,35,,1
123,526,10.01,1,6,116,2,-999,0.415,1.36,0.26,,130,10,0,130,0,36,,2
124,527,10.02,1,6,118,2,-999,0.415,1.36,0.19,,130,10,0,130,0,36,,2
125,528,10.03,1,6,118,2,-999,0.415,1.36,0.1,,130,10,0,130,0,36,,2
126,529,10.04,1,6,116,2,-999,0.415,1.36,0.08,,130,10,0,130,0,36,,2
127,530,10.05,1,6,118,2,-999,0.415,1.36,0.17,,130,10,0,130,0,36,,2
128,531,10.06,1,6,116,2,-999,0.415,1.36,0.24,,130,10,0,130,0,36,,2
129,532,10.07,1,6,98,2,-999,0.415,1.43,0.2,,130,10,0,130,0,36,,2
130,533,10.08,1,6,112,2,-999,0.415,1.63,0.16,,130,10,0,130,0,36,,2
131,534,10.09,1,6,112,2,-999,0.415,1.63,0.09,,130,10,0,130,0,36,,2
132,535,10.1,1,6,112,2,-999,0.415,1.63,0.05,,130,10,0,130,0,36,,2
133,536,10.11,1,6,112,2,-999,0.415,1.63,0.08,,130,10,0,130,0,36,,2
134,537,10.12,1,6,112,2,-999,0.415,1.63,0.15,,130,10,0,130,0,36,,2
135,538,10.13,1,6,112,2,-999,0.415,1.63,0.22,,130,10,0,130,0,36,,2
136,539,11.01,1,6,104,2,-999,0.415,1.36,0.23,,131,11,0,131,0,37,,2
137,540,11.02,1,6,104,2,-999,0.415,1.36,0.17,,131,11,0,131,0,37,,2
138,541,11.03,1,6,104,2,-999,0.415,1.36,0.1,,131,11,0,131,0,37,,2
139,542,11.04,1,6,104,2,-999,0.415,1.36,0.05,,131,11,0,131,0,37,,2
140,543,11.05,1,6,104,2,-999,0.415,1.36,0.1,,131,11,0,131,0,37,,2
141,544,11.06,1,6,104,2,-999,0.415,1.36,0.17,,131,11,0,131,0,37,,2
142,545,11.07,1,6,104,2,-999,0.415,1.36,0.23,,131,11,0,131,0,37,,2
143,546,11.08,1,6,112,2,-999,0.415,1.63,0.21,,131,11,0,131,0,37,,2
144,547,11.09,1,6,112,2,-999,0.415,1.63,0.14,,131,11,0,131,0,37,,2
145,548,11.1,1,6,112,2,-999,0.415,1.63,0.07,,131,11,0,131,0,37,,2
146,549,11.11,1,6,112,2,-999,0.415,1.63,0.05,,131,11,0,131,0,37,,2
147,550,11.12,1,6,112,2,-999,0.415,1.63,0.1,,131,11,0,131,0,37,,2
148,551,11.13,1,6,112,2,-999,0.415,1.63,0.17,,131,11,0,131,0,37,,2
149,552,11.14,1,6,84,2,-999,0.415,1.63,0.18,,131,11,0,131,0,37,,2
150,553,12.01,1,6,104,2,-999,0.415,1.36,0.21,,132,12,0,132,0,38,,2
151,554,12.02,1,6,104,2,-999,0.415,1.36,0.15,,132,12,0,132,0,38,,2
152,555,12.03,1,6,104,2,-999,0.415,1.36,0.09,,132,12,0,132,0,38,,2
153,556,12.04,1,6,104,2,-999,0.415,1.36,0.05,,132,12,0,132,0,38,,2
154,557,12.05,1,6,104,2,-999,0.415,1.36,0.12,,132,12,0,132,0,38,,2
155,558,12.06,1,6,104,2,-999,0.415,1.36,0.18,,132,12,0,132,0,38,,2
156,559,12.07,1,6,104,2,-999,0.415,1.36,0.25,,132,12,0,132,0,38,,2
157,560,12.08,1,6,112,2,-999,0.415,1.63,0.21,,132,12,0,132,0,38,,2
158,561,12.09,1,6,112,2,-999,0.415,1.63,0.14,,132,12,0,132,0,38,,2
159,562,12.1,1,6,112,2,-999,0.415,1.63,0.07,,132,12,0,132,0,38,,2
160,563,12.11,1,6,112,2,-999,0.415,1.63,0.05,,132,12,0,132,0,38,,2
161,564,12.12,1,6,112,2,-999,0.415,1.63,0.1,,132,12,0,132,0,38,,2
162,565,12.13,1,6,112,2,-999,0.415,1.63,0.17,,132,12,0,132,0,38,,2
163,566,12.14,1,6,84,2,-999,0.415,1.63,0.18,,132,12,0,132,0,38,,2
164,567,13.01,1,6,116,2,-999,0.415,1.36,0.24,,133,13,0,133,0,39,,2
165,568,13.02,1,6,118,2,-999,0.415,1.36,0.17,,133,13,0,133,0,39,,2
166,569,13.03,1,6,118,2,-999,0.415,1.36,0.08,,133,13,0,133,0,39,,2
167,570,13.04,1,6,116,2,-999,0.415,1.36,0.09,,133,13,0,133,0,39,,2
168,571,13.05,1,6,118,2,-999,0.415,1.36,0.19,,133,13,0,133,0,39,,2
169,572,13.06,1,6,116,2,-999,0.415,1.36,0.26,,133,13,0,133,0,39,,2
170,573,13.07,1,6,112,2,-999,0.415,1.63,0.22,,133,13,0,133,0,39,,2
171,574,13.08,1,6,112,2,-999,0.415,1.63,0.16,,133,13,0,133,0,39,,2
172,575,13.09,1,6,112,2,-999,0.415,1.63,0.09,,133,13,0,133,0,39,,2
173,576,13.1,1,6,112,2,-999,0.415,1.63,0.05,,133,13,0,133,0,39,,2
174,577,13.11,1,6,112,2,-999,0.415,1.63,0.08,,133,13,0,133,0,39,,2
175,578,13.12,1,6,112,2,-999,0.415,1.63,0.15,,133,13,0,133,0,39,,2
176,579,13.13,1,6,84,2,-999,0.415,1.63,0.17,,133,13,0,133,0,39,,2
177,580,14.01,1,6,64,2,-999,0.415,1.36,0.16,,134,14,0,134,0,40,,2
178,581,14.02,1,6,66,2,-999,0.415,1.36,0.14,,134,14,0,134,0,40,,2
179,582,14.03,1,6,116,2,-999,0.415,1.36,0.12,,134,14,0,134,0,40,,2
180,583,14.04,1,6,118,2,-999,0.415,1.36,0.07,,134,14,0,134,0,40,,2
181,584,14.05,1,6,104,2,-999,0.415,1.36,0.11,,134,14,0,134,0,40,,2
182,585,14.06,1,6,104,2,-999,0.415,1.36,0.17,,134,14,0,134,0,40,,2
183,586,14.07,1,6,104,2,-999,0.415,1.36,0.24,,134,14,0,134,0,40,,2
184,587,14.08,1,6,84,2,-999,0.415,1.63,0.2,,134,14,0,134,0,40,,2
185,588,14.09,1,6,84,2,-999,0.415,1.63,0.16,,134,14,0,134,0,40,,2
186,589,14.1,1,6,112,2,-999,0.415,1.63,0.1,,134,14,0,134,0,40,,2
187,590,14.11,1,6,112,2,-999,0.415,1.63,0.04,,134,14,0,134,0,40,,2
188,591,14.12,1,6,98,2,-999,0.415,1.63,0.07,,134,14,0,134,0,40,,2
189,592,14.13,1,6,98,2,-999,0.415,1.63,0.11,,134,14,0,134,0,40,,2
190,593,14.14,1,6,98,2,-999,0.415,1.63,0.17,,134,14,0,134,0,40,,2
191,594,14.15,1,6,98,2,-999,0.415,1.63,0.22,,134,14,0,134,0,40,,2
192,595,15.01,1,6,116,2,-999,0.415,1.36,0.26,,135,15,0,135,0,41,,3
193,596,15.02,1,6,118,2,-999,0.415,1.36,0.19,,135,15,0,135,0,41,,3
194,597,15.03,1,6,118,2,-999,0.415,1.36,0.1,,135,15,0,135,0,41,,3
195,598,15.04,1,6,116,2,-999,0.415,1.36,0.08,,135,15,0,135,0,41,,3
196,599,15.05,1,6,118,2,-999,0.415,1.36,0.17,,135,15,0,135,0,41,,3
197,600,15.06,1,6,116,2,-999,0.415,1.63,0.24,,135,15,0,135,0,41,,3
198,601,15.07,1,6,112,2,-999,0.415,1.63,0.21,,135,15,0,135,0,41,,3
199,602,15.08,1,6,112,2,-999,0.415,1.63,0.14,,135,15,0,135,0,41,,3
200,603,15.09,1,6,112,2,-999,0.415,1.63,0.07,,135,15,0,135,0,41,,3
201,604,15.1,1,6,112,2,-999,0.415,1.63,0.05,,135,15,0,135,0,41,,3
202,605,15.11,1,6,112,2,-999,0.415,1.63,0.1,,135,15,0,135,0,41,,3
203,606,15.12,1,6,112,2,-999,0.415,1.63,0.17,,135,15,0,135,0,41,,3
204,607,15.13,1,6,84,2,-999,0.415,1.63,0.18,,135,15,0,135,0,41,,3
205,608,16.01,1,6,116,2,-999,0.415,1.36,0.26,,136,16,0,136,0,42,,3
206,609,16.02,1,6,118,2,-999,0.415,1.36,0.19,,136,16,0,136,0,42,,3
207,610,16.03,1,6,118,2,-999,0.415,1.36,0.1,,136,16,0,136,0,42,,3
208,611,16.04,1,6,116,2,-999,0.415,1.36,0.08,,136,16,0,136,0,42,,3
209,612,16.05,1,6,118,2,-999,0.415,1.36,0.17,,136,16,0,136,0,42,,3
210,613,16.06,1,6,116,2,-999,0.415,1.36,0.24,,136,16,0,136,0,42,,3
211,614,16.07,1,6,112,2,-999,0.415,1.63,0.21,,136,16,0,136,0,42,,3
212,615,16.08,1,6,112,2,-999,0.415,1.63,0.14,,136,16,0,136,0,42,,3
213,616,16.09,1,6,112,2,-999,0.415,1.63,0.07,,136,16,0,136,0,42,,3
214,617,16.1,1,6,112,2,-999,0.415,1.63,0.05,,136,16,0,136,0,42,,3
215,618,16.11,1,6,112,2,-999,0.415,1.63,0.1,,136,16,0,136,0,42,,3
216,619,16.12,1,6,112,2,-999,0.415,1.63,0.17,,136,16,0,136,0,42,,3
217,620,16.13,1,6,84,2,-999,0.415,1.63,0.18,,136,16,0,136,0,42,,3
218,621,17.01,1,6,104,2,-999,0.415,1.36,0.26,,137,17,0,137,0,43,,3
219,622,17.02,1,6,104,2,-999,0.415,1.36,0.19,,137,17,0,137,0,43,,3
220,623,17.03,1,6,100,2,-999,0.415,1.25,0.12,,137,17,0,137,0,43,,3
221,624,17.04,1,6,96,2,-999,0.415,1.14,0.06,,137,17,0,137,0,43,,3
222,625,17.05,1,6,112,2,-999,0.415,0.85,0.12,,137,17,0,137,0,43,,3
223,626,17.06,1,6,98,2,-999,0.415,0.85,0.22,,137,17,0,137,0,43,,3
224,627,17.07,1,6,84,2,-999,0.415,1.63,0.19,,137,17,0,137,0,43,,3
225,628,17.08,1,6,112,2,-999,0.415,1.63,0.18,,137,17,0,137,0,43,,3
226,629,17.09,1,6,112,2,-999,0.415,1.63,0.11,,137,17,0,137,0,43,,3
227,630,17.1,1,6,112,2,-999,0.415,1.63,0.04,,137,17,0,137,0,43,,3
228,631,17.11,1,6,112,2,-999,0.415,1.63,0.06,,137,17,0,137,0,43,,3
229,632,17.12,1,6,112,2,-999,0.415,1.63,0.13,,137,17,0,137,0,43,,3
230,633,17.13,1,6,112,2,-999,0.415,1.63,0.2,,137,17,0,137,0,43,,3
231,634,17.14,1,6,84,2,-999,0.415,1.63,0.2,,137,17,0,137,0,43,,3
232,635,18.01,2,6,98,2,-999,0.415,0.85,0.26,,138,18,0,138,0,44,,3
233,636,18.02,2,6,112,2,-999,0.415,0.85,0.16,,138,18,0,138,0,44,,3
234,637,18.03,2,6,110,2,-999,0.415,0.82,0.06,,138,18,0,138,0,44,,3
235,638,18.04,2,6,108,2,-999,0.415,0.51,0.21,,138,18,0,138,0,44,,3
236,639,18.05,2,6,112,2,-999,0.415,1.63,0.29,,138,18,0,138,0,44,,3
237,640,18.06,2,6,112,2,-999,0.415,1.63,0.23,,138,18,0,138,0,44,,3
238,641,18.07,2,6,112,2,-999,0.415,1.63,0.16,,138,18,0,138,0,44,,3
239,642,18.08,2,6,112,2,-999,0.415,1.63,0.09,,138,18,0,138,0,44,,3
240,643,18.09,2,6,112,2,-999,0.415,1.63,0.05,,138,18,0,138,0,44,,3
241,644,18.1,2,6,112,2,-999,0.415,1.63,0.08,,138,18,0,138,0,44,,3
242,645,18.11,2,6,112,2,-999,0.415,1.63,0.15,,138,18,0,138,0,44,,3
243,646,18.12,2,6,112,2,-999,0.415,1.63,0.22,,138,18,0,138,0,44,,3
244,647,18.13,2,6,112,2,-999,0.415,1.63,0.29,,138,18,0,138,0,44,,3
245,648,19.01,2,6,84,2,-999,0.415,0.8,0.4,,139,19,0,139,0,45,,2
246,649,19.02,2,6,90,2,-999,0.415,0.96,0.36,,139,19,0,139,0,45,,2
247,650,19.03,2,6,96,2,-999,0.415,1.14,0.31,,139,19,0,139,0,45,,2
248,651,19.04,2,6,96,2,-999,0.415,1.14,0.25,,139,19,0,139,0,45,,2
249,652,19.05,2,6,96,2,-999,0.415,1.14,0.19,,139,19,0,139,0,45,,2
250,653,19.06,2,6,96,2,-999,0.415,1.14,0.13,,139,19,0,139,0,45,,2
251,654,19.07,2,6,92,2,-999,0.415,1.06,0.06,,139,19,0,139,0,45,,2
252,655,19.08,2,6,100,2,-999,0.415,0.82,0.49,,139,19,0,139,0,45,,2
253,656,19.09,2,6,100,2,-999,0.415,0.82,0.49,,139,19,0,139,0,45,,2
254,657,19.1,2,6,100,2,-999,0.415,0.82,0.19,,139,19,0,139,0,45,,2
255,658,19.11,2,6,100,2,-999,0.415,0.82,0.49,,139,19,0,139,0,45,,2
256,659,19.12,2,6,100,2,-999,0.415,0.82,0.49,,139,19,0,139,0,45,,2
257,660,19.13,2,6,100,2,-999,0.415,0.82,0.49,,139,19,0,139,0,45,,2
258,661,19.14,2,6,86,2,-999,0.415,0.96,0.42,,139,19,0,139,0,45,,2
259,662,20.01,2,6,104,2,-999,0.415,1.36,0.55,,140,20,0,140,0,46,,2
260,663,20.02,2,6,104,2,-999,0.415,1.36,0.48,,140,20,0,140,0,46,,2
261,664,20.03,2,6,104,2,-999,0.415,1.36,0.42,,140,20,0,140,0,46,,2
262,665,20.04,2,6,108,2,-999,0.415,1.02,0.35,,140,20,0,140,0,46,,2
263,666,20.05,2,6,98,2,-999,0.415,0.85,0.23,,140,20,0,140,0,46,,2
264,667,20.06,2,6,98,2,-999,0.415,0.85,0.12,,140,20,0,140,0,46,,2
265,668,20.07,2,6,112,2,-999,0.415,0.85,0.05,,140,20,0,140,0,46,,2
266,669,20.08,2,6,98,2,-999,0.415,0.85,0.15,,140,20,0,140,0,46,,2
267,670,20.09,2,6,98,2,-999,0.415,0.85,0.26,,140,20,0,140,0,46,,2
268,671,20.1,2,6,104,2,-999,0.415,1.36,0.35,,140,20,0,140,0,46,,2
269,672,20.11,2,6,104,2,-999,0.415,1.36,0.42,,140,20,0,140,0,46,,2
270,673,20.12,2,6,104,2,-999,0.415,1.36,0.48,,140,20,0,140,0,46,,2
271,674,20.13,2,6,104,2,-999,0.415,1.36,0.55,,140,20,0,140,0,46,,2
272,675,21.01,2,6,104,2,-999,0.415,1.36,0.54,,141,21,0,141,0,47,,3
273,676,21.02,2,6,80,2,-999,0.415,0.82,0.37,,141,21,0,141,0,47,,3
274,677,21.03,2,6,100,2,-999,0.415,0.82,0.4,,141,21,0,141,0,47,,3
275,678,21.04,2,6,100,2,-999,0.415,0.82,0.32,,141,21,0,141,0,47,,3
276,679,21.05,2,6,100,2,-999,0.415,0.82,0.24,,141,21,0,141,0,47,,3
277,680,21.06,2,6,100,2,-999,0.415,0.82,0.16,,141,21,0,141,0,47,,3
278,681,21.07,2,6,100,2,-999,0.415,0.82,0.52,,141,21,0,141,0,47,,3
279,682,21.08,2,6,100,2,-999,0.415,0.82,0.04,,141,21,0,141,0,47,,3
280,683,21.09,2,6,100,2,-999,0.415,0.82,0.11,,141,21,0,141,0,47,,3
281,684,21.1,2,6,100,2,-999,0.415,0.82,0.19,,141,21,0,141,0,47,,3
282,685,21.11,2,6,100,2,-999,0.415,0.82,0.27,,141,21,0,141,0,47,,3
283,686,21.12,2,6,80,2,-999,0.415,0.82,0.27,,141,21,0,141,0,47,,3
284,687,21.13,2,6,80,2,-999,0.415,0.82,0.39,,141,21,0,141,0,47,,3
285,688,21.14,2,6,112,2,-999,0.415,0.85,0.39,,141,21,0,141,0,47,,3
286,689,22.01,2,6,98,2,-999,0.415,0.85,0.44,,142,22,0,142,0,48,,3
287,690,22.02,2,6,112,2,-999,0.415,0.85,0.36,,142,22,0,142,0,48,,3
288,691,22.03,2,6,110,2,-999,0.415,0.92,0.24,,142,22,0,142,0,48,,3
289,692,22.04,2,6,104,2,-999,0.415,1.36,0.13,,142,22,0,142,0,48,,3
290,693,22.05,2,6,104,2,-999,0.415,1.36,0.06,,142,22,0,142,0,48,,3
291,694,22.06,2,6,104,2,-999,0.415,1.36,0.05,,142,22,0,142,0,48,,3
292,695,22.07,2,6,104,2,-999,0.415,1.36,0.09,,142,22,0,142,0,48,,3
293,696,22.08,2,6,104,2,-999,0.415,1.36,0.16,,142,22,0,142,0,48,,3
294,697,22.09,2,6,104,2,-999,0.415,1.36,0.22,,142,22,0,142,0,48,,3
295,698,22.1,2,6,104,2,-999,0.415,1.36,0.29,,142,22,0,142,0,48,,3
296,699,22.11,2,6,104,2,-999,0.415,1.36,0.35,,142,22,0,142,0,48,,3
297,700,22.12,2,6,104,2,-999,0.415,1.36,0.42,,142,22,0,142,0,48,,3
298,701,22.13,2,6,104,2,-999,0.415,1.36,0.48,,142,22,0,142,0,48,,3
299,702,23.01,1,6,98,2,-999,0.415,0.85,1.04,,143,23,0,143,0,49,,1
300,703,23.02,1,6,98,2,-999,0.415,0.85,0.93,,143,23,0,143,0,49,,1
301,704,23.03,1,6,98,2,-999,0.415,0.85,0.82,,143,23,0,143,0,49,,1
302,705,23.04,1,6,98,2,-999,0.415,1.28,0.39,,143,23,0,143,0,49,,1
303,706,23.05,1,6,98,2,-999,0.415,1.63,0.33,,143,23,0,143,0,49,,1
304,707,23.06,1,6,112,2,-999,0.415,1.63,0.3,,143,23,0,143,0,49,,1
305,708,23.07,1,6,112,2,-999,0.415,1.63,0.23,,143,23,0,143,0,49,,1
306,709,23.08,1,6,112,2,-999,0.415,1.63,0.16,,143,23,0,143,0,49,,1
307,710,23.09,1,6,112,2,-999,0.415,1.63,0.09,,143,23,0,143,0,49,,1
308,711,23.1,1,6,112,2,-999,0.415,1.63,0.06,,143,23,0,143,0,49,,1
309,712,23.11,1,6,112,2,-999,0.415,1.63,0.13,,143,23,0,143,0,49,,1
310,713,23.12,1,6,98,2,-999,0.415,1.43,0.17,,143,23,0,143,0,49,,1
311,714,23.13,1,6,98,2,-999,0.415,0.85,0.26,,143,23,0,143,0,49,,1
312,715,24.01,1,6,84,2,-999,0.415,0.85,0.62,,144,24,0,144,0,50,,4
313,716,24.02,1,6,84,2,-999,0.415,0.85,0.54,,144,24,0,144,0,50,,4
314,717,24.03,2,6,98,2,-999,0.415,1.63,0.17,,144,24,0,144,0,50,,4
315,718,24.04,2,6,98,2,-999,0.415,1.63,0.13,,144,24,0,144,0,50,,4
316,719,24.05,2,6,98,2,-999,0.415,1.63,0.08,,144,24,0,144,0,50,,4
317,720,24.06,2,6,98,2,-999,0.415,1.63,0.05,,144,24,0,144,0,50,,4
318,721,24.07,2,6,98,2,-999,0.415,1.63,0.11,,144,24,0,144,0,50,,4
319,722,24.08,2,6,98,2,-999,0.415,1.63,0.16,,144,24,0,144,0,50,,4
320,723,24.09,2,6,90,2,-999,0.415,1.46,0.14,,144,24,0,144,0,50,,4
321,724,24.1,2,6,92,2,-999,0.415,1.46,0.1,,144,24,0,144,0,50,,4
322,725,24.11,2,6,104,2,-999,0.415,1.46,0.05,,144,24,0,144,0,50,,4
323,726,24.12,2,6,104,2,-999,0.415,1.46,0.05,,144,24,0,144,0,50,,4
324,727,24.13,2,6,92,2,-999,0.415,1.46,0.1,,144,24,0,144,0,50,,4
325,728,24.14,2,6,90,2,-999,0.415,1.46,0.14,,144,24,0,144,0,50,,4
326,729,25.01,1,6,112,2,-999,0.415,1.63,0.27,,145,25,0,145,0,51,,4
327,730,25.02,1,6,112,2,-999,0.415,1.63,0.21,,145,25,0,145,0,51,,4
328,731,25.03,1,6,98,2,-999,0.415,1.16,0.12,,145,25,0,145,0,51,,4
329,732,25.04,1,6,112,2,-999,0.415,0.85,0.07,,145,25,0,145,0,51,,4
330,733,25.05,1,6,104,2,-999,0.415,1.46,0.22,,145,25,0,145,0,51,,4
331,734,25.06,1,6,104,2,-999,0.415,1.46,0.15,,145,25,0,145,0,51,,4
332,735,25.07,1,6,116,2,-999,0.415,1.46,0.1,,145,25,0,145,0,51,,4
333,736,25.08,1,6,118,2,-999,0.415,1.46,0.04,,145,25,0,145,0,51,,4
334,737,25.09,1,6,118,2,-999,0.415,1.46,0.1,,145,25,0,145,0,51,,4
335,738,25.1,1,6,116,2,-999,0.415,1.46,0.19,,145,25,0,145,0,51,,4
336,739,25.11,1,6,104,2,-999,0.415,1.46,0.23,,145,25,0,145,0,51,,4
337,740,25.12,1,6,112,2,-999,0.415,0.85,0.69,,145,25,0,145,0,51,,4
338,741,26.01,1,6,98,2,-999,0.415,2.43,0.33,,146,26,0,146,0,52,,4
339,742,26.02,1,6,98,2,-999,0.415,2.43,0.3,,146,26,0,146,0,52,,4
340,743,26.03,1,6,98,2,-999,0.415,2.43,0.27,,146,26,0,146,0,52,,4
341,744,26.04,1,6,112,2,-999,0.415,2.43,0.25,,146,26,0,146,0,52,,4
342,745,26.05,1,6,112,2,-999,0.415,2.43,0.22,,146,26,0,146,0,52,,4
343,746,26.06,1,6,112,2,-999,0.415,2.43,0.16,,146,26,0,146,0,52,,4
344,747,26.07,1,6,112,2,-999,0.415,2.43,0.11,,146,26,0,146,0,52,,4
345,748,26.08,1,6,112,2,-999,0.415,2.43,0.08,,146,26,0,146,0,52,,4
346,749,26.09,1,6,112,2,-999,0.415,2.43,0.07,,146,26,0,146,0,52,,4
347,750,26.1,1,6,112,2,-999,0.415,2.43,0.12,,146,26,0,146,0,52,,4
348,751,26.11,1,6,112,2,-999,0.415,2.43,0.16,,146,26,0,146,0,52,,4
349,752,26.12,1,6,112,2,-999,0.415,2.43,0.21,,146,26,0,146,0,52,,4
350,753,26.13,1,6,112,2,-999,0.415,0.54,0.15,,146,26,0,146,0,52,,4
351,754,27.01,1,6,98,2,-999,0.415,2.43,0.22,,147,27,0,147,0,53,,4
352,755,27.02,1,6,112,2,-999,0.415,2.43,0.21,,147,27,0,147,0,53,,4
353,756,27.03,1,6,112,2,-999,0.415,2.43,0.16,,147,27,0,147,0,53,,4
354,757,27.04,1,6,112,2,-999,0.415,2.43,0.13,,147,27,0,147,0,53,,4
355,758,27.05,1,6,112,2,-999,0.415,2.43,0.08,,147,27,0,147,0,53,,4
356,759,27.06,1,6,112,2,-999,0.415,2.43,0.07,,147,27,0,147,0,53,,4
357,760,27.07,1,6,112,2,-999,0.415,2.43,0.11,,147,27,0,147,0,53,,4
358,761,27.08,1,6,112,2,-999,0.415,2.43,0.16,,147,27,0,147,0,53,,4
359,762,27.09,1,6,112,2,-999,0.415,2.43,0.21,,147,27,0,147,0,53,,4
360,763,27.1,1,6,98,2,-999,0.415,2.43,0.22,,147,27,0,147,0,53,,4
361,764,27.11,1,6,108,2,-999,0.415,0.62,0.13,,147,27,0,147,0,53,,4
362,765,27.12,1,6,108,2,-999,0.415,0.62,0.06,,147,27,0,147,0,53,,4
363,766,27.13,1,6,108,2,-999,0.415,0.62,0.22,,147,27,0,147,0,53,,4
364,767,28.01,1,6,84,2,-999,0.415,2.43,0.21,,148,28,0,148,0,54,,4
365,768,28.02,1,6,84,2,-999,0.415,2.43,0.18,,148,28,0,148,0,54,,4
366,769,28.03,1,6,98,2,-999,0.415,1.9,0.18,,148,28,0,148,0,54,,4
367,770,28.04,1,6,112,2,-999,0.415,1.63,0.14,,148,28,0,148,0,54,,4
368,771,28.05,1,6,110,2,-999,0.415,1.56,0.07,,148,28,0,148,0,54,,4
369,772,28.06,1,6,108,2,-999,0.415,1.02,0.1,,148,28,0,148,0,54,,4
370,773,28.07,1,6,98,2,-999,0.415,0.85,0.19,,148,28,0,148,0,54,,4
371,774,28.08,1,6,96,2,-999,0.415,0.62,0.14,,148,28,0,148,0,54,,4
372,775,28.09,1,6,92,2,-999,0.415,1.02,0.04,,148,28,0,148,0,54,,4
373,776,28.1,1,6,112,2,-999,0.415,1.63,0.08,,148,28,0,148,0,54,,4
374,777,28.11,1,6,112,2,-999,0.415,1.63,0.15,,148,28,0,148,0,54,,4
375,778,28.12,1,6,112,2,-999,0.415,1.63,0.21,,148,28,0,148,0,54,,4
376,779,28.13,1,6,112,2,-999,0.415,1.63,0.28,,148,28,0,148,0,54,,4
377,780,28.14,1,6,84,2,-999,0.415,1.63,0.27,,148,28,0,148,0,54,,4
378,781,29.01,2,6,86,2,-999,0.415,0.67,0.06,,149,29,0,149,0,55,,6
379,782,29.02,2,6,98,2,-999,0.415,0.85,0.18,,149,29,0,149,0,55,,6
380,783,29.03,2,6,86,2,-999,0.415,0.65,0.92,,149,29,0,149,0,55,,6
381,784,29.04,2,6,98,2,-999,0.415,0.85,0.95,,149,29,0,149,0,55,,6
382,785,29.05,2,6,98,2,-999,0.415,0.85,0.84,,149,29,0,149,0,55,,6
383,786,29.06,2,6,98,2,-999,0.415,0.85,0.73,,149,29,0,149,0,55,,6
384,787,29.07,2,6,94,2,-999,0.415,0.98,0.6,,149,29,0,149,0,55,,6
385,788,29.08,2,6,86,2,-999,0.415,1.41,0.28,,149,29,0,149,0,55,,6
386,789,29.09,2,6,112,2,-999,0.415,1.63,0.18,,149,29,0,149,0,55,,6
387,790,29.1,2,6,112,2,-999,0.415,1.63,0.11,,149,29,0,149,0,55,,6
388,791,29.11,2,6,112,2,-999,0.415,1.63,0.06,,149,29,0,149,0,55,,6
389,792,29.12,2,6,112,2,-999,0.415,1.63,0.06,,149,29,0,149,0,55,,6
390,793,29.13,2,6,112,2,-999,0.415,1.63,0.13,,149,29,0,149,0,55,,6
391,794,29.14,2,6,112,2,-999,0.415,1.63,0.2,,149,29,0,149,0,55,,6
392,795,30.01,2,6,112,2,-999,0.415,0.85,0.22,,150,30,0,150,0,56,,6
393,796,30.02,2,6,100,2,-999,0.415,1.02,0.11,,150,30,0,150,0,56,,6
394,797,30.03,2,6,96,2,-999,0.415,1.14,0.06,,150,30,0,150,0,56,,6
395,798,30.04,2,6,96,2,-999,0.415,1.14,0.1,,150,30,0,150,0,56,,6
396,799,30.05,2,6,96,2,-999,0.415,1.14,0.16,,150,30,0,150,0,56,,6
397,800,30.06,2,6,96,2,-999,0.415,1.14,0.22,,150,30,0,150,0,56,,6
398,801,30.07,2,6,98,2,-999,0.415,1.63,0.2,,150,30,0,150,0,56,,6
399,802,30.08,2,6,98,2,-999,0.415,1.63,0.16,,150,30,0,150,0,56,,6
400,803,30.09,2,6,112,2,-999,0.415,1.63,0.11,,150,30,0,150,0,56,,6
401,804,30.1,2,6,112,2,-999,0.415,1.63,0.04,,150,30,0,150,0,56,,6
402,805,30.11,2,6,98,2,-999,0.415,1.63,0.05,,150,30,0,150,0,56,,6
403,806,30.12,2,6,98,2,-999,0.415,1.63,0.1,,150,30,0,150,0,56,,6
404,807,30.13,2,6,98,2,-999,0.415,1.63,0.16,,150,30,0,150,0,56,,6
405,808,30.14,2,6,98,2,-999,0.415,1.63,0.2,,150,30,0,150,0,56,,6
406,809,31.01,2,6,108,2,-999,0.415,1.55,0.29,,151,31,0,151,0,57,,5
407,810,31.02,2,6,112,2,-999,0.415,1.63,0.23,,151,31,0,151,0,57,,5
408,811,31.03,2,6,112,2,-999,0.415,1.63,0.16,,151,31,0,151,0,57,,5
409,812,31.04,2,6,112,2,-999,0.415,1.63,0.09,,151,31,0,151,0,57,,5
410,813,31.05,2,6,112,2,-999,0.415,1.63,0.06,,151,31,0,151,0,57,,5
411,814,31.06,2,6,112,2,-999,0.415,1.63,0.13,,151,31,0,151,0,57,,5
412,815,31.07,2,6,112,2,-999,0.415,1.63,0.2,,151,31,0,151,0,57,,5
413,816,31.08,2,6,112,2,-999,0.415,1.63,0.26,,151,31,0,151,0,57,,5
414,817,31.09,2,6,94,2,-999,0.415,0.78,0.22,,151,31,0,151,0,57,,5
415,818,31.1,2,6,98,2,-999,0.415,0.85,0.12,,151,31,0,151,0,57,,5
416,819,31.11,2,6,90,2,-999,0.415,0.96,0.04,,151,31,0,151,0,57,,5
417,820,31.12,2,6,96,2,-999,0.415,1.14,0.07,,151,31,0,151,0,57,,5
418,821,31.13,2,6,96,2,-999,0.415,1.14,0.13,,151,31,0,151,0,57,,5
419,822,31.14,2,6,96,2,-999,0.415,1.14,0.19,,151,31,0,151,0,57,,5
420,823,32.01,2,6,112,2,-999,0.415,1.63,0.28,,152,32,0,152,0,58,,5
421,824,32.02,2,6,112,2,-999,0.415,1.63,0.21,,152,32,0,152,0,58,,5
422,825,32.03,2,6,112,2,-999,0.415,1.63,0.14,,152,32,0,152,0,58,,5
423,826,32.04,2,6,112,2,-999,0.415,1.63,0.07,,152,32,0,152,0,58,,5
424,827,32.05,2,6,112,2,-999,0.415,1.63,0.08,,152,32,0,152,0,58,,5
425,828,32.06,2,6,112,2,-999,0.415,1.63,0.15,,152,32,0,152,0,58,,5
426,829,32.07,2,6,112,2,-999,0.415,1.63,0.22,,152,32,0,152,0,58,,5
427,830,32.08,2,6,112,2,-999,0.415,1.63,0.29,,152,32,0,152,0,58,,5
428,831,32.09,2,6,82,2,-999,0.415,1.14,0.2,,152,32,0,152,0,58,,5
429,832,32.1,2,6,86,2,-999,0.415,1.14,0.17,,152,32,0,152,0,58,,5
430,833,32.11,2,6,98,2,-999,0.415,1.43,0.13,,152,32,0,152,0,58,,5
431,834,32.12,2,6,98,2,-999,0.415,0.85,0.05,,152,32,0,152,0,58,,5
432,835,32.13,2,6,98,2,-999,0.415,0.85,0.1,,152,32,0,152,0,58,,5
433,836,32.14,2,6,98,2,-999,0.415,0.85,0.2,,152,32,0,152,0,58,,5
434,837,33.01,1,6,84,2,-999,0.415,1.04,0.14,,153,33,0,153,0,59,,6
435,838,33.02,1,6,98,2,-999,0.415,1.63,0.21,,153,33,0,153,0,59,,6
436,839,33.03,2,6,104,2,-999,0.415,1.36,0.68,,153,33,0,153,0,59,,6
437,840,33.04,2,6,116,2,-999,0.415,1.36,0.69,,153,33,0,153,0,59,,6
438,841,33.05,2,6,108,2,-999,0.415,2.15,0.21,,153,33,0,153,0,59,,6
439,842,33.06,2,6,108,2,-999,0.415,2.15,0.16,,153,33,0,153,0,59,,6
440,843,33.07,2,6,104,2,-999,0.415,2.15,0.1,,153,33,0,153,0,59,,6
441,844,33.08,2,6,108,2,-999,0.415,2.15,0.07,,153,33,0,153,0,59,,6
442,845,33.09,2,6,108,2,-999,0.415,2.15,0.04,,153,33,0,153,0,59,,6
443,846,33.1,2,6,104,2,-999,0.415,2.15,0.06,,153,33,0,153,0,59,,6
444,847,33.11,2,6,108,2,-999,0.415,2.15,0.11,,153,33,0,153,0,59,,6
445,848,33.12,2,6,108,2,-999,0.415,2.15,0.16,,153,33,0,153,0,59,,6
446,849,33.13,2,6,104,2,-999,0.415,2.15,0.18,,153,33,0,153,0,59,,6
447,850,33.14,2,6,108,2,-999,0.415,2.15,0.24,,153,33,0,153,0,59,,6
448,851,34.01,2,6,84,2,-999,0.415,1.63,0.15,,154,34,0,154,0,60,,6
449,852,34.02,2,6,98,2,-999,0.415,1.63,0.12,,154,34,0,154,0,60,,6
450,853,34.03,2,6,98,2,-999,0.415,1.63,0.07,,154,34,0,154,0,60,,6
451,854,34.04,2,6,98,2,-999,0.415,1.63,0.06,,154,34,0,154,0,60,,6
452,855,34.05,2,6,98,2,-999,0.415,1.63,0.1,,154,34,0,154,0,60,,6
453,856,34.06,2,6,108,2,-999,0.415,2.15,0.16,,154,34,0,154,0,60,,6
454,857,34.07,2,6,104,2,-999,0.415,2.15,0.1,,154,34,0,154,0,60,,6
455,858,34.08,2,6,108,2,-999,0.415,2.15,0.07,,154,34,0,154,0,60,,6
456,859,34.09,2,6,108,2,-999,0.415,2.15,0.04,,154,34,0,154,0,60,,6
457,860,34.1,2,6,104,2,-999,0.415,2.15,0.06,,154,34,0,154,0,60,,6
458,861,34.11,2,6,108,2,-999,0.415,2.15,0.11,,154,34,0,154,0,60,,6
459,862,34.12,2,6,108,2,-999,0.415,2.15,0.16,,154,34,0,154,0,60,,6
460,863,34.13,2,6,104,2,-999,0.415,2.15,0.18,,154,34,0,154,0,60,,6
461,864,34.14,2,6,92,2,-999,0.415,1.36,0.53,,154,34,0,154,0,60,,6
462,865,34.15,2,6,78,2,-999,0.415,1.36,0.5,,154,34,0,154,0,60,,6
463,866,35.01,2,6,118,2,-999,0.415,0.93,0.29,,155,35,0,155,0,61,,6
464,867,35.02,2,6,104,2,-999,0.415,1.36,0.16,,155,35,0,155,0,61,,6
465,868,35.03,2,6,104,2,-999,0.415,1.36,0.09,,155,35,0,155,0,61,,6
466,869,35.04,2,6,112,2,-999,0.415,0.85,0.08,,155,35,0,155,0,61,,6
467,870,35.05,2,6,112,2,-999,0.415,0.85,0.22,,155,35,0,155,0,61,,6
468,871,35.06,2,6,104,2,-999,0.415,1.41,0.32,,155,35,0,155,0,61,,6
469,872,35.07,2,6,112,2,-999,0.415,1.63,0.2,,155,35,0,155,0,61,,6
470,873,35.08,2,6,112,2,-999,0.415,1.63,0.13,,155,35,0,155,0,61,,6
471,874,35.09,2,6,112,2,-999,0.415,1.63,0.06,,155,35,0,155,0,61,,6
472,875,35.1,2,6,112,2,-999,0.415,1.63,0.04,,155,35,0,155,0,61,,6
473,876,35.11,2,6,112,2,-999,0.415,1.63,0.11,,155,35,0,155,0,61,,6
474,877,35.12,2,6,112,2,-999,0.415,1.63,0.18,,155,35,0,155,0,61,,6
475,878,35.13,2,6,112,2,-999,0.415,1.63,0.25,,155,35,0,155,0,61,,6
476,879,36.01,2,6,98,2,-999,0.415,0.85,0.25,,156,36,0,156,0,62,,6
477,880,36.02,2,6,98,2,-999,0.415,0.85,0.14,,156,36,0,156,0,62,,6
478,881,36.03,2,6,98,2,-999,0.415,0.85,0.05,,156,36,0,156,0,62,,6
479,882,36.04,2,6,98,2,-999,0.415,0.85,0.16,,156,36,0,156,0,62,,6
480,883,36.05,2,6,98,2,-999,0.415,0.85,0.26,,156,36,0,156,0,62,,6
481,884,36.06,2,6,98,2,-999,0.415,1.63,0.23,,156,36,0,156,0,62,,6
482,885,36.07,2,6,98,2,-999,0.415,1.63,0.18,,156,36,0,156,0,62,,6
483,886,36.08,2,6,98,2,-999,0.415,1.63,0.12,,156,36,0,156,0,62,,6
484,887,36.09,2,6,98,2,-999,0.415,1.63,0.08,,156,36,0,156,0,62,,6
485,888,36.1,2,6,112,2,-999,0.415,1.63,0.05,,156,36,0,156,0,62,,6
486,889,36.11,2,6,112,2,-999,0.415,1.63,0.09,,156,36,0,156,0,62,,6
487,890,36.12,2,6,112,2,-999,0.415,1.63,0.16,,156,36,0,156,0,62,,6
488,891,36.13,2,6,112,2,-999,0.415,1.63,0.22,,156,36,0,156,0,62,,6
489,892,36.14,2,6,112,2,-999,0.415,1.63,0.29,,156,36,0,156,0,62,,6
490,893,37.01,2,6,112,2,-999,0.415,0.85,0.24,,157,37,0,157,0,63,,6
491,894,37.02,2,6,108,2,-999,0.415,1.02,0.12,,157,37,0,157,0,63,,6
492,895,37.03,2,6,104,2,-999,0.415,1.36,0.05,,157,37,0,157,0,63,,6
493,896,37.04,2,6,110,2,-999,0.415,0.92,0.15,,157,37,0,157,0,63,,6
494,897,37.05,2,6,112,2,-999,0.415,1.63,0.25,,157,37,0,157,0,63,,6
495,898,37.06,2,6,112,2,-999,0.415,1.63,0.18,,157,37,0,157,0,63,,6
496,899,37.07,2,6,112,2,-999,0.415,1.63,0.11,,157,37,0,157,0,63,,6
497,900,37.08,2,6,112,2,-999,0.415,1.63,0.04,,157,37,0,157,0,63,,6
498,901,37.09,2,6,112,2,-999,0.415,1.63,0.06,,157,37,0,157,0,63,,6
499,902,37.1,2,6,112,2,-999,0.415,1.63,0.13,,157,37,0,157,0,63,,6
500,903,37.11,2,6,112,2,-999,0.415,1.63,0.2,,157,37,0,157,0,63,,6
501,904,37.12,2,6,112,2,-999,0.415,1.63,0.27,,157,37,0,157,0,63,,6
502,905,37.13,2,6,112,2,-999,0.415,0.82,0.76,,157,37,0,157,0,63,,6
503,906,38.01,2,6,104,2,-999,0.415,1.13,0.47,,158,38,0,158,0,64,,6
504,907,38.02,2,6,108,2,-999,0.415,1.19,0.4,,158,38,0,158,0,64,,6
505,908,38.03,2,6,108,2,-999,0.415,1.19,0.34,,158,38,0,158,0,64,,6
506,909,38.04,2,6,108,2,-999,0.415,1.19,0.27,,158,38,0,158,0,64,,6
507,910,38.05,2,6,108,2,-999,0.415,1.19,0.18,,158,38,0,158,0,64,,6
508,911,38.06,2,6,108,2,-999,0.415,1.19,0.1,,158,38,0,158,0,64,,6
509,912,38.07,2,6,108,2,-999,0.415,1.19,0.05,,158,38,0,158,0,64,,6
510,913,38.08,2,6,108,2,-999,0.415,1.19,0.08,,158,38,0,158,0,64,,6
511,914,38.09,2,6,108,2,-999,0.415,1.19,0.17,,158,38,0,158,0,64,,6
512,915,38.1,2,6,108,2,-999,0.415,1.19,0.23,,158,38,0,158,0,64,,6
513,916,38.11,2,6,108,2,-999,0.415,1.19,0.32,,158,38,0,158,0,64,,6
514,917,38.12,2,6,108,2,-999,0.415,1.19,0.38,,158,38,0,158,0,64,,6
515,918,38.13,2,6,96,2,-999,0.415,1.19,0.4,,158,38,0,158,0,64,,6
516,919,39.01,2,6,108,2,-999,0.415,1.19,0.44,,159,39,0,159,0,65,,6
517,920,39.02,2,6,108,2,-999,0.415,1.19,0.36,,159,39,0,159,0,65,,6
518,921,39.03,2,6,108,2,-999,0.415,1.19,0.29,,159,39,0,159,0,65,,6
519,922,39.04,2,6,108,2,-999,0.415,1.19,0.21,,159,39,0,159,0,65,,6
520,923,39.05,2,6,108,2,-999,0.415,1.19,0.14,,159,39,0,159,0,65,,6
521,924,39.06,2,6,108,2,-999,0.415,1.19,0.06,,159,39,0,159,0,65,,6
522,925,39.07,2,6,108,2,-999,0.415,1.19,0.06,,159,39,0,159,0,65,,6
523,926,39.08,2,6,108,2,-999,0.415,1.19,0.12,,159,39,0,159,0,65,,6
524,927,39.09,2,6,108,2,-999,0.415,1.19,0.21,,159,39,0,159,0,65,,6
525,928,39.1,2,6,108,2,-999,0.415,1.19,0.27,,159,39,0,159,0,65,,6
526,929,39.11,2,6,108,2,-999,0.415,1.19,0.36,,159,39,0,159,0,65,,6
527,930,39.12,2,6,108,2,-999,0.415,1.19,0.43,,159,39,0,159,0,65,,6
528,931,39.13,2,6,96,2,-999,0.415,0.7,0.76,,159,39,0,159,0,65,,6
529,932,40.01,2,6,84,2,-999,0.415,1.63,0.18,,160,40,0,160,0,66,,5
530,933,40.02,2,6,84,2,-999,0.415,1.63,0.18,,160,40,0,160,0,66,,5
531,934,40.03,2,6,112,2,-999,0.415,1.63,0.25,,160,40,0,160,0,66,,5
532,935,40.04,2,6,112,2,-999,0.415,1.63,0.25,,160,40,0,160,0,66,,5
533,936,40.05,2,6,112,2,-999,0.415,1.63,0.09,,160,40,0,160,0,66,,5
534,937,40.06,2,6,112,2,-999,0.415,1.63,0.16,,160,40,0,160,0,66,,5
535,938,40.07,2,6,84,2,-999,0.415,1.63,0.17,,160,40,0,160,0,66,,5
536,939,40.08,2,6,84,2,-999,0.415,1.63,0.17,,160,40,0,160,0,66,,5
537,940,40.09,2,6,84,2,-999,0.415,1.63,0.17,,160,40,0,160,0,66,,5
538,941,40.1,2,6,112,2,-999,0.415,1.63,0.22,,160,40,0,160,0,66,,5
539,942,40.11,2,6,112,2,-999,0.415,1.63,0.22,,160,40,0,160,0,66,,5
540,943,40.12,2,6,112,2,-999,0.415,1.63,0.07,,160,40,0,160,0,66,,5
541,944,40.13,2,6,112,2,-999,0.415,1.63,0.14,,160,40,0,160,0,66,,5
542,945,40.14,2,6,84,2,-999,0.415,1.63,0.16,,160,40,0,160,0,66,,5
543,946,41.01,2,6,84,2,-999,0.415,1.63,0.19,,161,41,0,161,0,67,,5
544,947,41.02,2,6,84,2,-999,0.415,1.63,0.15,,161,41,0,161,0,67,,5
545,948,41.03,2,6,112,2,-999,0.415,1.63,0.13,,161,41,0,161,0,67,,5
546,949,41.04,2,6,112,2,-999,0.415,1.63,0.06,,161,41,0,161,0,67,,5
547,950,41.05,2,6,112,2,-999,0.415,1.63,0.09,,161,41,0,161,0,67,,5
548,951,41.06,2,6,84,2,-999,0.415,1.63,0.12,,161,41,0,161,0,67,,5
549,952,41.07,2,6,98,2,-999,0.415,0.98,0.2,,161,41,0,161,0,67,,5
550,953,41.08,2,6,84,2,-999,0.415,1.63,0.17,,161,41,0,161,0,67,,5
551,954,41.09,2,6,112,2,-999,0.415,1.63,0.16,,161,41,0,161,0,67,,5
552,955,41.1,2,6,112,2,-999,0.415,1.63,0.09,,161,41,0,161,0,67,,5
553,956,41.11,2,6,112,2,-999,0.415,1.63,0.05,,161,41,0,161,0,67,,5
554,957,41.12,2,6,112,2,-999,0.415,1.63,0.08,,161,41,0,161,0,67,,5
555,958,41.13,2,6,112,2,-999,0.415,1.63,0.15,,161,41,0,161,0,67,,5
556,959,41.14,2,6,84,2,-999,0.415,1.63,0.17,,161,41,0,161,0,67,,5
557,960,42.01,2,6,84,2,-999,0.415,0.85,0.25,,162,42,0,162,0,68,,5
558,961,42.02,2,6,84,2,-999,0.415,0.85,0.17,,162,42,0,162,0,68,,5
559,962,42.03,2,6,84,2,-999,0.415,1.63,0.25,,162,42,0,162,0,68,,5
560,963,42.04,2,6,84,2,-999,0.415,1.63,0.21,,162,42,0,162,0,68,,5
561,964,42.05,2,6,112,2,-999,0.415,1.63,0.22,,162,42,0,162,0,68,,5
562,965,42.06,2,6,112,2,-999,0.415,1.63,0.15,,162,42,0,162,0,68,,5
563,966,42.07,2,6,112,2,-999,0.415,1.63,0.08,,162,42,0,162,0,68,,5
564,967,42.08,2,6,112,2,-999,0.415,1.63,0.04,,162,42,0,162,0,68,,5
565,968,42.09,2,6,112,2,-999,0.415,1.63,0.09,,162,42,0,162,0,68,,5
566,969,42.1,2,6,112,2,-999,0.415,1.63,0.16,,162,42,0,162,0,68,,5
567,970,42.11,2,6,112,2,-999,0.415,1.63,0.23,,162,42,0,162,0,68,,5
568,971,42.12,2,6,112,2,-999,0.415,1.63,0.3,,162,42,0,162,0,68,,5
569,972,42.13,2,6,98,2,-999,0.415,0.98,0.69,,162,42,0,162,0,68,,5
570,973,42.14,2,6,84,2,-999,0.415,0.85,0.67,,162,42,0,162,0,68,,5
571,974,43.01,2,6,116,2,-999,0.415,0.83,0.76,,163,43,0,163,0,69,,5
572,975,43.02,2,6,110,2,-999,0.415,1.59,0.26,,163,43,0,163,0,69,,5
573,976,43.03,2,6,112,2,-999,0.415,1.63,0.2,,163,43,0,163,0,69,,5
574,977,43.04,2,6,112,2,-999,0.415,1.63,0.73,,163,43,0,163,0,69,,5
575,978,43.05,2,6,112,2,-999,0.415,1.63,0.73,,163,43,0,163,0,69,,5
576,979,43.06,2,6,112,2,-999,0.415,1.63,0.09,,163,43,0,163,0,69,,5
577,980,43.07,2,6,112,2,-999,0.415,1.63,0.16,,163,43,0,163,0,69,,5
578,981,43.08,2,6,112,2,-999,0.415,1.63,0.23,,163,43,0,163,0,69,,5
579,982,43.09,2,6,92,2,-999,0.415,0.76,0.1,,163,43,0,163,0,69,,5
580,983,43.1,2,6,106,2,-999,0.415,1.44,0.05,,163,43,0,163,0,69,,5
581,984,43.11,2,6,112,2,-999,0.415,1.63,0.1,,163,43,0,163,0,69,,5
582,985,43.12,2,6,112,2,-999,0.415,1.63,0.17,,163,43,0,163,0,69,,5
583,986,43.13,2,6,112,2,-999,0.415,1.63,0.22,,163,43,0,163,0,69,,5
584,987,44.01,2,6,84,2,-999,0.415,1.63,0.19,,164,44,0,164,0,70,,5
585,988,44.02,2,6,112,2,-999,0.415,1.63,0.19,,164,44,0,164,0,70,,5
586,989,44.03,2,6,112,2,-999,0.415,1.63,0.12,,164,44,0,164,0,70,,5
587,990,44.04,2,6,112,2,-999,0.415,1.63,0.26,,164,44,0,164,0,70,,5
588,991,44.05,2,6,112,2,-999,0.415,1.63,0.1,,164,44,0,164,0,70,,5
589,992,44.06,2,6,112,2,-999,0.415,1.63,0.17,,164,44,0,164,0,70,,5
590,993,44.07,2,6,84,2,-999,0.415,1.63,0.18,,164,44,0,164,0,70,,5
591,994,44.08,2,6,84,2,-999,0.415,1.63,0.16,,164,44,0,164,0,70,,5
592,995,44.09,2,6,112,2,-999,0.415,1.63,0.15,,164,44,0,164,0,70,,5
593,996,44.1,2,6,112,2,-999,0.415,1.63,0.08,,164,44,0,164,0,70,,5
594,997,44.11,2,6,112,2,-999,0.415,1.63,0.04,,164,44,0,164,0,70,,5
595,998,44.12,2,6,112,2,-999,0.415,1.63,0.09,,164,44,0,164,0,70,,5
596,999,44.13,2,6,112,2,-999,0.415,1.63,0.09,,164,44,0,164,0,70,,5
597,1000,44.14,2,6,84,2,-999,0.415,1.63,0.16,,164,44,0,164,0,70,,5
598,1001,45.01,2,6,84,2,-999,0.415,1.63,0.17,,165,45,0,165,0,71,,7
599,1002,45.02,2,6,112,2,-999,0.415,1.63,0.19,,165,45,0,165,0,71,,7
600,1003,45.03,2,6,112,2,-999,0.415,1.63,0.12,,165,45,0,165,0,71,,7
601,1004,45.04,2,6,112,2,-999,0.415,1.63,0.26,,165,45,0,165,0,71,,7
602,1005,45.05,2,6,112,2,-999,0.415,1.63,0.1,,165,45,0,165,0,71,,7
603,1006,45.06,2,6,112,2,-999,0.415,1.63,0.17,,165,45,0,165,0,71,,7
604,1007,45.07,2,6,84,2,-999,0.415,1.63,0.18,,165,45,0,165,0,71,,7
605,1008,45.08,2,6,84,2,-999,0.415,1.63,0.16,,165,45,0,165,0,71,,7
606,1009,45.09,2,6,112,2,-999,0.415,1.63,0.15,,165,45,0,165,0,71,,7
607,1010,45.1,2,6,112,2,-999,0.415,1.63,0.08,,165,45,0,165,0,71,,7
608,1011,45.11,2,6,112,2,-999,0.415,1.63,0.04,,165,45,0,165,0,71,,7
609,1012,45.12,2,6,112,2,-999,0.415,1.63,0.09,,165,45,0,165,0,71,,7
610,1013,45.13,2,6,112,2,-999,0.415,1.63,0.16,,165,45,0,165,0,71,,7
611,1014,45.14,2,6,84,2,-999,0.415,1.63,0.17,,165,45,0,165,0,71,,7
612,1015,46.01,2,6,112,2,-999,0.415,1.63,0.27,,166,46,0,166,0,72,,7
613,1016,46.02,2,6,112,2,-999,0.415,1.63,0.2,,166,46,0,166,0,72,,7
614,1017,46.03,2,6,112,2,-999,0.415,1.63,0.13,,166,46,0,166,0,72,,7
615,1018,46.04,2,6,112,2,-999,0.415,1.63,0.06,,166,46,0,166,0,72,,7
616,1019,46.05,2,6,98,2,-999,0.415,0.98,0.11,,166,46,0,166,0,72,,7
617,1020,46.06,2,6,98,2,-999,0.415,0.85,0.2,,166,46,0,166,0,72,,7
618,1021,46.07,2,6,84,2,-999,0.415,1.63,0.18,,166,46,0,166,0,72,,7
619,1022,46.08,2,6,84,2,-999,0.415,1.63,0.14,,166,46,0,166,0,72,,7
620,1023,46.09,2,6,112,2,-999,0.415,1.63,0.12,,166,46,0,166,0,72,,7
621,1024,46.1,2,6,112,2,-999,0.415,1.63,0.05,,166,46,0,166,0,72,,7
622,1025,46.11,2,6,112,2,-999,0.415,1.63,0.05,,166,46,0,166,0,72,,7
623,1026,46.12,2,6,112,2,-999,0.415,1.63,0.12,,166,46,0,166,0,72,,7
624,1027,46.13,2,6,112,2,-999,0.415,1.63,0.19,,166,46,0,166,0,72,,7
625,1028,46.14,2,6,84,2,-999,0.415,1.63,0.19,,166,46,0,166,0,72,,7
626,1029,47.01,2,6,92,2,-999,0.415,0.76,0.64,,167,47,0,167,0,73,,7
627,1030,47.02,2,6,106,2,-999,0.415,1.51,0.27,,167,47,0,167,0,73,,7
628,1031,47.03,2,6,112,2,-999,0.415,1.63,0.78,,167,47,0,167,0,73,,7
629,1032,47.04,2,6,112,2,-999,0.415,1.63,0.15,,167,47,0,167,0,73,,7
630,1033,47.05,2,6,112,2,-999,0.415,1.63,0.78,,167,47,0,167,0,73,,7
631,1034,47.06,2,6,112,2,-999,0.415,1.63,0.07,,167,47,0,167,0,73,,7
632,1035,47.07,2,6,112,2,-999,0.415,1.63,0.14,,167,47,0,167,0,73,,7
633,1036,47.08,2,6,84,2,-999,0.415,1.63,0.16,,167,47,0,167,0,73,,7
634,1037,47.09,2,6,84,2,-999,0.415,1.63,0.2,,167,47,0,167,0,73,,7
635,1038,47.1,2,6,92,2,-999,0.415,0.76,0.1,,167,47,0,167,0,73,,7
636,1039,47.11,2,6,106,2,-999,0.415,1.44,0.05,,167,47,0,167,0,73,,7
637,1040,47.12,2,6,112,2,-999,0.415,1.63,0.08,,167,47,0,167,0,73,,7
638,1041,47.13,2,6,112,2,-999,0.415,1.63,0.15,,167,47,0,167,0,73,,7
639,1042,47.14,2,6,84,2,-999,0.415,1.63,0.17,,167,47,0,167,0,73,,7
640,1043,48.01,2,6,112,2,-999,0.415,1.63,0.18,,168,48,0,168,0,74,,7
641,1044,48.02,2,6,112,2,-999,0.415,1.63,0.11,,168,48,0,168,0,74,,7
642,1045,48.03,2,6,112,2,-999,0.415,1.63,0.06,,168,48,0,168,0,74,,7
643,1046,48.04,2,6,112,2,-999,0.415,1.63,0.11,,168,48,0,168,0,74,,7
644,1047,48.05,2,6,112,2,-999,0.415,1.63,0.18,,168,48,0,168,0,74,,7
645,1048,48.06,2,6,108,2,-999,0.415,1.98,0.18,,168,48,0,168,0,74,,7
646,1049,48.07,2,6,94,2,-999,0.415,2.15,0.12,,168,48,0,168,0,74,,7
647,1050,48.08,2,6,94,2,-999,0.415,2.15,0.09,,168,48,0,168,0,74,,7
648,1051,48.09,2,6,106,2,-999,0.415,2.15,0.05,,168,48,0,168,0,74,,7
649,1052,48.1,2,6,94,2,-999,0.415,2.15,0.04,,168,48,0,168,0,74,,7
650,1053,48.11,2,6,92,2,-999,0.415,2.15,0.06,,168,48,0,168,0,74,,7
651,1054,48.12,2,6,94,2,-999,0.415,2.15,0.1,,168,48,0,168,0,74,,7
652,1055,48.13,2,6,94,2,-999,0.415,2.15,0.13,,168,48,0,168,0,74,,7
653,1056,48.14,2,6,92,2,-999,0.415,2.15,0.16,,168,48,0,168,0,74,,7
654,1057,49.01,2,6,84,2,-999,0.415,1.63,0.16,,169,49,0,169,0,75,,7
655,1058,49.02,2,6,112,2,-999,0.415,1.63,0.15,,169,49,0,169,0,75,,7
656,1059,49.03,2,6,112,2,-999,0.415,1.63,0.08,,169,49,0,169,0,75,,7
657,1060,49.04,2,6,112,2,-999,0.415,1.63,0.07,,169,49,0,169,0,75,,7
658,1061,49.05,2,6,112,2,-999,0.415,1.63,0.14,,169,49,0,169,0,75,,7
659,1062,49.06,2,6,84,2,-999,0.415,1.63,0.16,,169,49,0,169,0,75,,7
660,1063,49.07,2,6,106,2,-999,0.415,2.15,0.16,,169,49,0,169,0,75,,7
661,1064,49.08,2,6,106,2,-999,0.415,2.15,0.13,,169,49,0,169,0,75,,7
662,1065,49.09,2,6,108,2,-999,0.415,2.15,0.08,,169,49,0,169,0,75,,7
663,1066,49.1,2,6,106,2,-999,0.415,2.15,0.05,,169,49,0,169,0,75,,7
664,1067,49.11,2,6,106,2,-999,0.415,2.15,0.05,,169,49,0,169,0,75,,7
665,1068,49.12,2,6,108,2,-999,0.415,2.15,0.1,,169,49,0,169,0,75,,7
666,1069,49.13,2,6,106,2,-999,0.415,2.15,0.15,,169,49,0,169,0,75,,7
667,1070,49.14,2,6,94,2,-999,0.415,2.15,0.16,,169,49,0,169,0,75,,7
668,1071,50.01,2,6,112,2,-999,0.415,1.63,0.11,,170,50,0,170,0,76,,7
669,1072,50.02,2,6,112,2,-999,0.415,1.63,0.06,,170,50,0,170,0,76,,7
670,1073,50.03,2,6,112,2,-999,0.415,1.63,0.11,,170,50,0,170,0,76,,7
671,1074,50.04,2,6,94,2,-999,0.415,2.15,0.09,,170,50,0,170,0,76,,7
672,1075,50.05,2,6,94,2,-999,0.415,2.15,0.04,,170,50,0,170,0,76,,7
673,1076,50.06,2,6,106,2,-999,0.415,2.15,0.05,,170,50,0,170,0,76,,7
674,1077,50.07,2,6,106,2,-999,0.415,2.15,0.18,,170,50,0,170,0,76,,7
675,1078,50.08,2,6,106,2,-999,0.415,1.89,0.11,,170,50,0,170,0,76,,7
676,1079,50.09,2,6,104,2,-999,0.415,1.36,1.28,,170,50,0,170,0,76,,7
677,1080,50.1,2,6,104,2,-999,0.415,1.36,0.59,,170,50,0,170,0,76,,7
678,1081,50.11,2,6,104,2,-999,0.415,1.36,0.66,,170,50,0,170,0,76,,7
679,1082,50.12,2,6,104,2,-999,0.415,1.36,0.72,,170,50,0,170,0,76,,7
680,1083,50.13,2,6,100,2,-999,0.415,0.87,1.12,,170,50,0,170,0,76,,7
681,1084,50.14,2,6,96,2,-999,0.415,0.62,1.18,,170,50,0,170,0,76,,7
682,1085,51.01,2,6,84,2,-999,0.415,1.63,0.17,,171,51,0,171,0,77,,8
683,1086,51.02,2,6,112,2,-999,0.415,1.63,0.16,,171,51,0,171,0,77,,8
684,1087,51.03,2,6,112,2,-999,0.415,1.63,0.09,,171,51,0,171,0,77,,8
685,1088,51.04,2,6,112,2,-999,0.415,1.63,0.06,,171,51,0,171,0,77,,8
686,1089,51.05,2,6,112,2,-999,0.415,1.63,0.13,,171,51,0,171,0,77,,8
687,1090,51.06,2,6,112,2,-999,0.415,1.63,0.2,,171,51,0,171,0,77,,8
688,1091,51.07,2,6,84,2,-999,0.415,1.63,0.14,,171,51,0,171,0,77,,8
689,1092,51.08,2,6,112,2,-999,0.415,1.63,0.12,,171,51,0,171,0,77,,8
690,1093,51.09,2,6,112,2,-999,0.415,1.63,0.05,,171,51,0,171,0,77,,8
691,1094,51.1,2,6,112,2,-999,0.415,1.63,0.05,,171,51,0,171,0,77,,8
692,1095,51.11,2,6,112,2,-999,0.415,1.63,0.12,,171,51,0,171,0,77,,8
693,1096,51.12,2,6,112,2,-999,0.415,1.63,0.19,,171,51,0,171,0,77,,8
694,1097,52.01,2,6,112,2,-999,0.415,1.63,0.21,,172,52,0,172,0,78,,8
695,1098,52.02,2,6,112,2,-999,0.415,1.63,0.14,,172,52,0,172,0,78,,8
696,1099,52.03,2,6,112,2,-999,0.415,1.63,0.07,,172,52,0,172,0,78,,8
697,1100,52.04,2,6,112,2,-999,0.415,1.63,0.08,,172,52,0,172,0,78,,8
698,1101,52.05,2,6,112,2,-999,0.415,1.63,0.15,,172,52,0,172,0,78,,8
699,1102,52.06,2,6,112,2,-999,0.415,1.63,0.22,,172,52,0,172,0,78,,8
700,1103,52.07,2,6,112,2,-999,0.415,1.63,0.17,,172,52,0,172,0,78,,8
701,1104,52.08,2,6,112,2,-999,0.415,1.63,0.1,,172,52,0,172,0,78,,8
702,1105,52.09,2,6,112,2,-999,0.415,1.63,0.03,,172,52,0,172,0,78,,8
703,1106,52.1,2,6,112,2,-999,0.415,1.63,0.07,,172,52,0,172,0,78,,8
704,1107,52.11,2,6,112,2,-999,0.415,1.63,0.14,,172,52,0,172,0,78,,8
705,1108,52.12,2,6,84,2,-999,0.415,1.63,0.15,,172,52,0,172,0,78,,8
706,1109,53.01,2,6,112,2,-999,0.415,1.63,0.19,,173,53,0,173,0,79,,8
707,1110,53.02,2,6,112,2,-999,0.415,1.63,0.12,,173,53,0,173,0,79,,8
708,1111,53.03,2,6,112,2,-999,0.415,1.63,0.05,,173,53,0,173,0,79,,8
709,1112,53.04,2,6,112,2,-999,0.415,1.63,0.1,,173,53,0,173,0,79,,8
710,1113,53.05,2,6,112,2,-999,0.415,1.63,0.17,,173,53,0,173,0,79,,8
711,1114,53.06,2,6,108,2,-999,0.415,1.55,0.23,,173,53,0,173,0,79,,8
712,1115,53.07,2,6,84,2,-999,0.415,1.63,0.14,,173,53,0,173,0,79,,8
713,1116,53.08,2,6,112,2,-999,0.415,1.63,0.12,,173,53,0,173,0,79,,8
714,1117,53.09,2,6,112,2,-999,0.415,1.63,0.05,,173,53,0,173,0,79,,8
715,1118,53.1,2,6,112,2,-999,0.415,1.63,0.05,,173,53,0,173,0,79,,8
716,1119,53.11,2,6,112,2,-999,0.415,1.63,0.12,,173,53,0,173,0,79,,8
717,1120,53.12,2,6,84,2,-999,0.415,1.63,0.14,,173,53,0,173,0,79,,8
718,1121,54.01,2,6,84,2,-999,0.415,1.63,0.17,,174,54,0,174,0,80,,8
719,1122,54.02,2,6,112,2,-999,0.415,1.63,0.15,,174,54,0,174,0,80,,8
720,1123,54.03,2,6,112,2,-999,0.415,1.63,0.08,,174,54,0,174,0,80,,8
721,1124,54.04,2,6,112,2,-999,0.415,1.63,0.07,,174,54,0,174,0,80,,8
722,1125,54.05,2,6,112,2,-999,0.415,1.63,0.13,,174,54,0,174,0,80,,8
723,1126,54.06,2,6,84,2,-999,0.415,1.63,0.15,,174,54,0,174,0,80,,8
724,1127,54.07,2,6,112,2,-999,0.415,1.63,0.18,,174,54,0,174,0,80,,8
725,1128,54.08,2,6,112,2,-999,0.415,1.63,0.11,,174,54,0,174,0,80,,8
726,1129,54.09,2,6,112,2,-999,0.415,1.63,0.04,,174,54,0,174,0,80,,8
727,1130,54.1,2,6,112,2,-999,0.415,1.63,0.06,,174,54,0,174,0,80,,8
728,1131,54.11,2,6,112,2,-999,0.415,1.63,0.13,,174,54,0,174,0,80,,8
729,1132,54.12,2,6,84,2,-999,0.415,1.63,0.15,,174,54,0,174,0,80,,8
730,1133,55.01,2,6,84,2,-999,0.415,1.63,0.17,,175,55,0,175,0,81,,8
731,1134,55.02,2,6,112,2,-999,0.415,1.63,0.15,,175,55,0,175,0,81,,8
732,1135,55.03,2,6,112,2,-999,0.415,1.63,0.08,,175,55,0,175,0,81,,8
733,1136,55.04,2,6,112,2,-999,0.415,1.63,0.07,,175,55,0,175,0,81,,8
734,1137,55.05,2,6,112,2,-999,0.415,1.63,0.13,,175,55,0,175,0,81,,8
735,1138,55.06,2,6,112,2,-999,0.415,1.63,0.2,,175,55,0,175,0,81,,8
736,1139,55.07,2,6,84,2,-999,0.415,1.63,0.14,,175,55,0,175,0,81,,8
737,1140,55.08,2,6,112,2,-999,0.415,1.63,0.11,,175,55,0,175,0,81,,8
738,1141,55.09,2,6,112,2,-999,0.415,1.63,0.04,,175,55,0,175,0,81,,8
739,1142,55.1,2,6,112,2,-999,0.415,1.63,0.06,,175,55,0,175,0,81,,8
740,1143,55.11,2,6,112,2,-999,0.415,1.63,0.13,,175,55,0,175,0,81,,8
741,1144,55.12,2,6,84,2,-999,0.415,1.63,0.15,,175,55,0,175,0,81,,8
742,1145,56.01,2,6,84,2,-999,0.415,1.63,0.15,,176,56,0,176,0,82,,8
743,1146,56.02,2,6,112,2,-999,0.415,1.63,0.14,,176,56,0,176,0,82,,8
744,1147,56.03,2,6,112,2,-999,0.415,1.63,0.07,,176,56,0,176,0,82,,8
745,1148,56.04,2,6,112,2,-999,0.415,1.63,0.08,,176,56,0,176,0,82,,8
746,1149,56.05,2,6,112,2,-999,0.415,1.63,0.15,,176,56,0,176,0,82,,8
747,1150,56.06,2,6,108,2,-999,0.415,1.55,0.21,,176,56,0,176,0,82,,8
748,1151,56.07,2,6,84,2,-999,0.415,1.63,0.12,,176,56,0,176,0,82,,8
749,1152,56.08,2,6,112,2,-999,0.415,1.63,0.11,,176,56,0,176,0,82,,8
750,1153,56.09,2,6,112,2,-999,0.415,1.63,0.04,,176,56,0,176,0,82,,8
751,1154,56.1,2,6,112,2,-999,0.415,1.63,0.06,,176,56,0,176,0,82,,8
752,1155,56.11,2,6,112,2,-999,0.415,1.63,0.13,,176,56,0,176,0,82,,8
753,1156,56.12,1,6,108,2,-999,0.415,1.55,0.19,,176,56,0,176,0,82,,8
754,1157,57.01,1,6,104,2,-999,0.415,1.46,0.19,,177,57,0,177,0,83,,8
755,1158,57.02,1,6,116,2,-999,0.415,1.46,0.13,,177,57,0,177,0,83,,8
756,1159,57.03,1,6,118,2,-999,0.415,1.46,0.08,,177,57,0,177,0,83,,8
757,1160,57.04,1,6,104,2,-999,0.415,1.46,0.12,,177,57,0,177,0,83,,8
758,1161,57.05,1,6,104,2,-999,0.415,1.46,0.18,,177,57,0,177,0,83,,8
759,1162,57.06,1,6,108,2,-999,0.415,1.64,0.17,,177,57,0,177,0,83,,8
760,1163,57.07,1,6,108,2,-999,0.415,1.64,0.13,,177,57,0,177,0,83,,8
761,1164,57.08,1,6,108,2,-999,0.415,1.64,0.08,,177,57,0,177,0,83,,8
762,1165,57.09,1,6,108,2,-999,0.415,1.64,0.04,,177,57,0,177,0,83,,8
763,1166,57.1,1,6,108,2,-999,0.415,1.64,0.07,,177,57,0,177,0,83,,8
764,1167,57.11,1,6,108,2,-999,0.415,1.64,0.12,,177,57,0,177,0,83,,8
765,1168,57.12,1,6,108,2,-999,0.415,1.64,0.17,,177,57,0,177,0,83,,8
766,1169,58.01,1,6,104,2,-999,0.415,1.46,0.19,,178,58,0,178,0,84,,8
767,1170,58.02,1,6,116,2,-999,0.415,1.46,0.13,,178,58,0,178,0,84,,8
768,1171,58.03,1,6,118,2,-999,0.415,1.46,0.08,,178,58,0,178,0,84,,8
769,1172,58.04,1,6,104,2,-999,0.415,1.46,0.12,,178,58,0,178,0,84,,8
770,1173,58.05,1,6,104,2,-999,0.415,1.46,0.18,,178,58,0,178,0,84,,8
771,1174,58.06,1,6,108,2,-999,0.415,1.64,0.17,,178,58,0,178,0,84,,8
772,1175,58.07,1,6,108,2,-999,0.415,1.64,0.13,,178,58,0,178,0,84,,8
773,1176,58.08,1,6,108,2,-999,0.415,1.64,0.08,,178,58,0,178,0,84,,8
774,1177,58.09,1,6,108,2,-999,0.415,1.64,0.04,,178,58,0,178,0,84,,8
775,1178,58.1,1,6,108,2,-999,0.415,1.64,0.07,,178,58,0,178,0,84,,8
776,1179,58.11,1,6,108,2,-999,0.415,1.64,0.12,,178,58,0,178,0,84,,8
777,1180,58.12,1,6,108,2,-999,0.415,1.64,0.17,,178,58,0,178,0,84,,8
778,1181,59.01,1,6,104,2,-999,0.415,1.46,0.21,,179,59,0,179,0,85,,8
779,1182,59.02,1,6,104,2,-999,0.415,1.46,0.15,,179,59,0,179,0,85,,8
780,1183,59.03,1,6,116,2,-999,0.415,1.46,0.09,,179,59,0,179,0,85,,8
781,1184,59.04,1,6,118,2,-999,0.415,1.46,0.11,,179,59,0,179,0,85,,8
782,1185,59.05,1,6,118,2,-999,0.415,1.46,0.2,,179,59,0,179,0,85,,8
783,1186,59.06,1,6,112,2,-999,0.415,1.4,0.26,,179,59,0,179,0,85,,8
784,1187,59.07,1,6,94,2,-999,0.415,1.64,0.17,,179,59,0,179,0,85,,8
785,1188,59.08,1,6,96,2,-999,0.415,1.64,0.15,,179,59,0,179,0,85,,8
786,1189,59.09,1,6,104,2,-999,0.415,1.41,0.1,,179,59,0,179,0,85,,8
787,1190,59.1,1,6,104,2,-999,0.415,1.36,0.05,,179,59,0,179,0,85,,8
788,1191,59.11,1,6,106,2,-999,0.415,1.16,0.08,,179,59,0,179,0,85,,8
789,1192,59.12,1,6,108,2,-999,0.415,0.79,0.18,,179,59,0,179,0,85,,8
790,1193,60.01,2,6,108,2,-999,0.415,1.55,0.26,,180,60,0,180,0,86,,8
791,1194,60.02,2,6,112,2,-999,0.415,1.63,0.2,,180,60,0,180,0,86,,8
792,1195,60.03,2,6,112,2,-999,0.415,1.63,0.13,,180,60,0,180,0,86,,8
793,1196,60.04,2,6,112,2,-999,0.415,1.63,0.08,,180,60,0,180,0,86,,8
794,1197,60.05,2,6,112,2,-999,0.415,1.63,0.11,,180,60,0,180,0,86,,8
795,1198,60.06,2,6,112,2,-999,0.415,1.63,0.25,,180,60,0,180,0,86,,8
796,1199,60.07,2,6,112,2,-999,0.415,1.63,0.25,,180,60,0,180,0,86,,8
797,1200,60.08,2,6,76,2,-999,0.415,0.85,0.16,,180,60,0,180,0,86,,8
798,1201,60.09,2,6,96,2,-999,0.415,1.32,0.13,,180,60,0,180,0,86,,8
799,1202,60.1,2,6,96,2,-999,0.415,1.32,0.2,,180,60,0,180,0,86,,8
800,1203,60.11,2,6,96,2,-999,0.415,1.32,0.2,,180,60,0,180,0,86,,8
801,1204,60.12,2,6,96,2,-999,0.415,1.32,0.08,,180,60,0,180,0,86,,8
802,1205,60.13,2,6,96,2,-999,0.415,1.32,0.2,,180,60,0,180,0,86,,8
803,1206,60.14,2,6,96,2,-999,0.415,1.32,0.2,,180,60,0,180,0,86,,8
804,1207,61.01,2,6,110,2,-999,0.415,1.56,0.31,,181,61,0,181,0,87,,12
805,1208,61.02,2,6,104,2,-999,0.415,1.36,0.23,,181,61,0,181,0,87,,12
806,1209,61.03,2,6,96,2,-999,0.415,1.14,0.16,,181,61,0,181,0,87,,12
807,1210,61.04,2,6,112,2,-999,0.415,0.85,0.08,,181,61,0,181,0,87,,12
808,1211,61.05,2,6,112,2,-999,0.415,0.85,0.16,,181,61,0,181,0,87,,12
809,1212,61.06,2,6,98,2,-999,0.415,0.85,0.26,,181,61,0,181,0,87,,12
810,1213,61.07,2,6,72,2,-999,0.415,1.14,0.18,,181,61,0,181,0,87,,12
811,1214,61.08,2,6,72,2,-999,0.415,1.14,0.15,,181,61,0,181,0,87,,12
812,1215,61.09,2,6,96,2,-999,0.415,1.14,0.14,,181,61,0,181,0,87,,12
813,1216,61.1,2,6,96,2,-999,0.415,1.14,0.08,,181,61,0,181,0,87,,12
814,1217,61.11,2,6,96,2,-999,0.415,1.14,0.04,,181,61,0,181,0,87,,12
815,1218,61.12,2,6,96,2,-999,0.415,1.14,0.24,,181,61,0,181,0,87,,12
816,1219,61.13,2,6,96,2,-999,0.415,1.14,0.12,,181,61,0,181,0,87,,12
817,1220,61.14,2,6,96,2,-999,0.415,1.14,0.24,,181,61,0,181,0,87,,12
818,1221,61.15,2,6,72,2,-999,0.415,1.14,0.18,,181,61,0,181,0,87,,12
819,1222,62.01,2,6,92,2,-999,0.415,0.75,0.36,,182,62,0,182,0,88,,6
820,1223,62.02,2,6,76,2,-999,0.415,0.51,0.21,,182,62,0,182,0,88,,6
821,1224,62.03,2,6,96,2,-999,0.415,1.14,0.37,,182,62,0,182,0,88,,6
822,1225,62.04,2,6,96,2,-999,0.415,1.14,0.31,,182,62,0,182,0,88,,6
823,1226,62.05,2,6,96,2,-999,0.415,1.14,0.25,,182,62,0,182,0,88,,6
824,1227,62.06,2,6,96,2,-999,0.415,1.14,0.19,,182,62,0,182,0,88,,6
825,1228,62.07,2,6,96,2,-999,0.415,1.14,0.13,,182,62,0,182,0,88,,6
826,1229,62.08,2,6,96,2,-999,0.415,1.14,0.07,,182,62,0,182,0,88,,6
827,1230,62.09,2,6,96,2,-999,0.415,1.14,0.04,,182,62,0,182,0,88,,6
828,1231,62.1,2,6,96,2,-999,0.415,1.14,0.07,,182,62,0,182,0,88,,6
829,1232,62.11,2,6,96,2,-999,0.415,1.14,0.13,,182,62,0,182,0,88,,6
830,1233,62.12,2,6,96,2,-999,0.415,1.14,0.19,,182,62,0,182,0,88,,6
831,1234,62.13,2,6,96,2,-999,0.415,1.14,0.25,,182,62,0,182,0,88,,6
832,1235,62.14,2,6,96,2,-999,0.415,1.14,0.31,,182,62,0,182,0,88,,6
833,1236,62.15,2,6,90,2,-999,0.415,1.01,0.39,,182,62,0,182,0,88,,6
834,1237,63.01,2,6,98,2,-999,0.415,0.85,0.78,,183,63,0,183,0,89,,9
835,1238,63.02,2,6,112,2,-999,0.415,0.85,0.76,,183,63,0,183,0,89,,9
836,1239,63.03,2,6,112,2,-999,0.415,1.32,0.26,,183,63,0,183,0,89,,9
837,1240,63.04,2,6,112,2,-999,0.415,1.63,0.17,,183,63,0,183,0,89,,9
838,1241,63.05,2,6,112,2,-999,0.415,1.63,0.1,,183,63,0,183,0,89,,9
839,1242,63.06,2,6,112,2,-999,0.415,1.63,0.07,,183,63,0,183,0,89,,9
840,1243,63.07,2,6,112,2,-999,0.415,1.63,0.14,,183,63,0,183,0,89,,9
841,1244,63.08,2,6,112,2,-999,0.415,1.63,0.21,,183,63,0,183,0,89,,9
842,1245,63.09,2,6,90,2,-999,0.415,0.96,0.12,,183,63,0,183,0,89,,9
843,1246,63.1,2,6,96,2,-999,0.415,1.14,0.07,,183,63,0,183,0,89,,9
844,1247,63.11,2,6,96,2,-999,0.415,1.14,0.04,,183,63,0,183,0,89,,9
845,1248,63.12,2,6,96,2,-999,0.415,1.14,0.07,,183,63,0,183,0,89,,9
846,1249,63.13,2,6,72,2,-999,0.415,1.14,0.1,,183,63,0,183,0,89,,9
847,1250,63.14,2,6,72,2,-999,0.415,1.14,0.13,,183,63,0,183,0,89,,9
848,1251,64.01,2,6,84,2,-999,0.415,1.63,0.18,,184,64,0,184,0,90,,9
849,1252,64.02,2,6,112,2,-999,0.415,1.63,0.17,,184,64,0,184,0,90,,9
850,1253,64.03,2,6,112,2,-999,0.415,1.63,0.1,,184,64,0,184,0,90,,9
851,1254,64.04,2,6,112,2,-999,0.415,1.63,0.07,,184,64,0,184,0,90,,9
852,1255,64.05,2,6,112,2,-999,0.415,1.63,0.14,,184,64,0,184,0,90,,9
853,1256,64.06,2,6,112,2,-999,0.415,1.63,0.21,,184,64,0,184,0,90,,9
854,1257,64.07,2,6,82,2,-999,0.415,1.26,0.14,,184,64,0,184,0,90,,9
855,1258,64.08,2,6,82,2,-999,0.415,1.5,0.1,,184,64,0,184,0,90,,9
856,1259,64.09,2,6,88,2,-999,0.415,1.5,0.08,,184,64,0,184,0,90,,9
857,1260,64.1,2,6,102,2,-999,0.415,1.5,0.05,,184,64,0,184,0,90,,9
858,1261,64.11,2,6,102,2,-999,0.415,1.5,0.05,,184,64,0,184,0,90,,9
859,1262,64.12,2,6,102,2,-999,0.415,1.5,0.09,,184,64,0,184,0,90,,9
860,1263,64.13,2,6,102,2,-999,0.415,1.5,0.14,,184,64,0,184,0,90,,9
861,1264,64.14,2,6,102,2,-999,0.415,1.5,0.19,,184,64,0,184,0,90,,9
862,1265,65.01,2,6,112,2,-999,0.415,1.63,0.22,,185,65,0,185,0,91,,9
863,1266,65.02,2,6,112,2,-999,0.415,1.63,0.16,,185,65,0,185,0,91,,9
864,1267,65.03,2,6,112,2,-999,0.415,1.63,0.09,,185,65,0,185,0,91,,9
865,1268,65.04,2,6,112,2,-999,0.415,1.63,0.08,,185,65,0,185,0,91,,9
866,1269,65.05,2,6,112,2,-999,0.415,1.63,0.15,,185,65,0,185,0,91,,9
867,1270,65.06,2,6,112,2,-999,0.415,1.63,0.22,,185,65,0,185,0,91,,9
868,1271,65.07,2,6,92,2,-999,0.415,1.5,0.16,,185,65,0,185,0,91,,9
869,1272,65.08,2,6,92,2,-999,0.415,1.5,0.11,,185,65,0,185,0,91,,9
870,1273,65.09,2,6,88,2,-999,0.415,1.5,0.08,,185,65,0,185,0,91,,9
871,1274,65.1,2,6,102,2,-999,0.415,1.5,0.05,,185,65,0,185,0,91,,9
872,1275,65.11,2,6,102,2,-999,0.415,1.5,0.05,,185,65,0,185,0,91,,9
873,1276,65.12,2,6,92,2,-999,0.415,1.5,0.08,,185,65,0,185,0,91,,9
874,1277,65.13,2,6,92,2,-999,0.415,1.5,0.13,,185,65,0,185,0,91,,9
875,1278,65.14,2,6,88,2,-999,0.415,1.5,0.15,,185,65,0,185,0,91,,9
876,1279,66.01,2,6,84,2,-999,0.415,1.63,0.17,,186,66,0,186,0,92,,9
877,1280,66.02,2,6,84,2,-999,0.415,1.63,0.13,,186,66,0,186,0,92,,9
878,1281,66.03,2,6,112,2,-999,0.415,1.63,0.1,,186,66,0,186,0,92,,9
879,1282,66.04,2,6,112,2,-999,0.415,1.63,0.07,,186,66,0,186,0,92,,9
880,1283,66.05,2,6,112,2,-999,0.415,1.63,0.14,,186,66,0,186,0,92,,9
881,1284,66.06,2,6,84,2,-999,0.415,1.63,0.15,,186,66,0,186,0,92,,9
882,1285,66.07,2,6,102,2,-999,0.415,1.5,0.19,,186,66,0,186,0,92,,9
883,1286,66.08,2,6,102,2,-999,0.415,1.5,0.14,,186,66,0,186,0,92,,9
884,1287,66.09,2,6,102,2,-999,0.415,1.5,0.09,,186,66,0,186,0,92,,9
885,1288,66.1,2,6,102,2,-999,0.415,1.5,0.05,,186,66,0,186,0,92,,9
886,1289,66.11,2,6,102,2,-999,0.415,1.5,0.05,,186,66,0,186,0,92,,9
887,1290,66.12,2,6,102,2,-999,0.415,1.5,0.09,,186,66,0,186,0,92,,9
888,1291,66.13,2,6,102,2,-999,0.415,1.5,0.14,,186,66,0,186,0,92,,9
889,1292,66.14,2,6,102,2,-999,0.415,1.5,0.19,,186,66,0,186,0,92,,9
890,1293,67.01,2,6,108,2,-999,0.415,1.05,0.34,,187,67,0,187,0,93,,9
891,1294,67.02,2,6,106,2,-999,0.415,1.5,0.26,,187,67,0,187,0,93,,9
892,1295,67.03,2,6,112,2,-999,0.415,1.83,0.35,,187,67,0,187,0,93,,9
893,1296,67.04,2,6,112,2,-999,0.415,2.43,0.1,,187,67,0,187,0,93,,9
894,1297,67.05,2,6,112,2,-999,0.415,2.43,0.35,,187,67,0,187,0,93,,9
895,1298,67.06,2,6,112,2,-999,0.415,2.43,0.05,,187,67,0,187,0,93,,9
896,1299,67.07,2,6,112,2,-999,0.415,2.43,0.07,,187,67,0,187,0,93,,9
897,1300,67.08,2,6,112,2,-999,0.415,2.43,0.12,,187,67,0,187,0,93,,9
898,1301,67.09,2,6,112,2,-999,0.415,2.43,0.17,,187,67,0,187,0,93,,9
899,1302,67.1,2,6,112,2,-999,0.415,2.43,0.21,,187,67,0,187,0,93,,9
900,1303,67.11,2,6,112,2,-999,0.415,2.43,0.26,,187,67,0,187,0,93,,9
901,1304,67.12,2,6,112,2,-999,0.415,2.43,0.31,,187,67,0,187,0,93,,9
902,1305,67.13,2,6,98,2,-999,0.415,2.43,0.3,,187,67,0,187,0,93,,9
903,1306,68.01,2,6,98,2,-999,0.415,2.43,0.26,,188,68,0,188,0,94,,11
904,1307,68.02,2,6,112,2,-999,0.415,2.43,0.26,,188,68,0,188,0,94,,11
905,1308,68.03,2,6,112,2,-999,0.415,2.43,0.21,,188,68,0,188,0,94,,11
906,1309,68.04,2,6,112,2,-999,0.415,2.43,0.17,,188,68,0,188,0,94,,11
907,1310,68.05,2,6,112,2,-999,0.415,2.43,0.12,,188,68,0,188,0,94,,11
908,1311,68.06,2,6,112,2,-999,0.415,2.43,0.07,,188,68,0,188,0,94,,11
909,1312,68.07,2,6,112,2,-999,0.415,2.43,0.05,,188,68,0,188,0,94,,11
910,1313,68.08,2,6,112,2,-999,0.415,2.43,0.07,,188,68,0,188,0,94,,11
911,1314,68.09,2,6,112,2,-999,0.415,2.43,0.12,,188,68,0,188,0,94,,11
912,1315,68.1,2,6,112,2,-999,0.415,2.43,0.15,,188,68,0,188,0,94,,11
913,1316,68.11,2,6,112,2,-999,0.415,2.43,0.21,,188,68,0,188,0,94,,11
914,1317,68.12,2,6,112,2,-999,0.415,2.43,0.26,,188,68,0,188,0,94,,11
915,1318,68.13,2,6,98,2,-999,0.415,2.43,0.26,,188,68,0,188,0,94,,11
916,1319,69.01,2,6,96,2,-999,0.415,1.19,0.4,,189,69,0,189,0,95,,12
917,1320,69.02,2,6,96,2,-999,0.415,1.19,0.31,,189,69,0,189,0,95,,12
918,1321,69.03,2,6,96,2,-999,0.415,1.19,0.25,,189,69,0,189,0,95,,12
919,1322,69.04,2,6,96,2,-999,0.415,1.19,0.19,,189,69,0,189,0,95,,12
920,1323,69.05,2,6,96,2,-999,0.415,1.19,0.13,,189,69,0,189,0,95,,12
921,1324,69.06,2,6,96,2,-999,0.415,1.19,0.07,,189,69,0,189,0,95,,12
922,1325,69.07,2,6,96,2,-999,0.415,1.19,0.04,,189,69,0,189,0,95,,12
923,1326,69.08,2,6,96,2,-999,0.415,1.19,0.07,,189,69,0,189,0,95,,12
924,1327,69.09,2,6,96,2,-999,0.415,1.19,0.13,,189,69,0,189,0,95,,12
925,1328,69.1,2,6,96,2,-999,0.415,1.19,0.19,,189,69,0,189,0,95,,12
926,1329,69.11,2,6,96,2,-999,0.415,1.19,0.25,,189,69,0,189,0,95,,12
927,1330,69.12,2,6,96,2,-999,0.415,1.19,0.31,,189,69,0,189,0,95,,12
928,1331,69.13,2,6,96,2,-999,0.415,1.19,0.37,,189,69,0,189,0,95,,12
929,1332,69.14,2,6,96,2,-999,0.415,1.19,0.43,,189,69,0,189,0,95,,12
930,1333,70.01,2,6,96,2,-999,0.415,1.19,0.44,,190,70,0,190,0,96,,12
931,1334,70.02,2,6,96,2,-999,0.415,1.19,0.38,,190,70,0,190,0,96,,12
932,1335,70.03,2,6,96,2,-999,0.415,1.19,0.32,,190,70,0,190,0,96,,12
933,1336,70.04,2,6,96,2,-999,0.415,1.19,0.26,,190,70,0,190,0,96,,12
934,1337,70.05,2,6,96,2,-999,0.415,1.19,0.2,,190,70,0,190,0,96,,12
935,1338,70.06,2,6,96,2,-999,0.415,1.19,0.14,,190,70,0,190,0,96,,12
936,1339,70.07,2,6,96,2,-999,0.415,1.19,0.08,,190,70,0,190,0,96,,12
937,1340,70.08,2,6,108,2,-999,0.415,1.19,0.04,,190,70,0,190,0,96,,12
938,1341,70.09,2,6,108,2,-999,0.415,1.19,0.07,,190,70,0,190,0,96,,12
939,1342,70.1,2,6,96,2,-999,0.415,1.19,0.14,,190,70,0,190,0,96,,12
940,1343,70.11,2,6,96,2,-999,0.415,1.19,0.2,,190,70,0,190,0,96,,12
941,1344,70.12,2,6,96,2,-999,0.415,1.19,0.26,,190,70,0,190,0,96,,12
942,1345,70.13,2,6,92,2,-999,0.415,1.08,0.3,,190,70,0,190,0,96,,12
943,1346,70.14,2,6,96,2,-999,0.415,0.62,0.41,,190,70,0,190,0,96,,12
944,1347,71.01,2,6,112,2,-999,0.415,0.85,1.05,,191,71,0,191,0,97,,9
945,1348,71.02,2,6,112,2,-999,0.415,0.85,0.91,,191,71,0,191,0,97,,9
946,1349,71.03,2,6,112,2,-999,0.415,1.32,1.05,,191,71,0,191,0,97,,9
947,1350,71.04,2,6,112,2,-999,0.415,1.63,0.32,,191,71,0,191,0,97,,9
948,1351,71.05,2,6,112,2,-999,0.415,1.63,0.25,,191,71,0,191,0,97,,9
949,1352,71.06,2,6,112,2,-999,0.415,1.63,0.18,,191,71,0,191,0,97,,9
950,1353,71.07,2,6,112,2,-999,0.415,1.63,0.11,,191,71,0,191,0,97,,9
951,1354,71.08,2,6,112,2,-999,0.415,1.63,0.06,,191,71,0,191,0,97,,9
952,1355,71.09,2,6,112,2,-999,0.415,1.63,0.11,,191,71,0,191,0,97,,9
953,1356,71.1,2,6,112,2,-999,0.415,1.63,0.18,,191,71,0,191,0,97,,9
954,1357,71.11,2,6,112,2,-999,0.415,1.63,0.25,,191,71,0,191,0,97,,9
955,1358,71.12,2,6,112,2,-999,0.415,0.96,0.35,,191,71,0,191,0,97,,9
956,1359,72.01,2,6,98,2,-999,0.415,0.85,0.72,,192,72,0,192,0,98,,9
957,1360,72.02,2,6,112,2,-999,0.415,1.11,0.71,,192,72,0,192,0,98,,9
958,1361,72.03,2,6,112,2,-999,0.415,1.63,0.22,,192,72,0,192,0,98,,9
959,1362,72.04,2,6,112,2,-999,0.415,1.63,0.15,,192,72,0,192,0,98,,9
960,1363,72.05,2,6,112,2,-999,0.415,1.63,0.08,,192,72,0,192,0,98,,9
961,1364,72.06,2,6,112,2,-999,0.415,1.63,0.07,,192,72,0,192,0,98,,9
962,1365,72.07,2,6,112,2,-999,0.415,1.63,0.13,,192,72,0,192,0,98,,9
963,1366,72.08,2,6,98,2,-999,0.415,1.63,0.18,,192,72,0,192,0,98,,9
964,1367,72.09,2,6,98,2,-999,0.415,1.63,0.22,,192,72,0,192,0,98,,9
965,1368,72.1,2,6,112,2,-999,0.415,0.85,0.04,,192,72,0,192,0,98,,9
966,1369,72.11,2,6,98,2,-999,0.415,0.91,0.14,,192,72,0,192,0,98,,9
967,1370,72.12,2,6,98,2,-999,0.415,1.63,0.22,,192,72,0,192,0,98,,9
968,1371,73.01,2,6,84,2,-999,0.415,1.63,0.15,,193,73,0,193,0,99,,11
969,1372,73.02,2,6,84,2,-999,0.415,1.63,0.11,,193,73,0,193,0,99,,11
970,1373,73.03,2,6,84,2,-999,0.415,1.63,0.07,,193,73,0,193,0,99,,11
971,1374,73.04,2,6,98,2,-999,0.415,0.98,0.06,,193,73,0,193,0,99,,11
972,1375,73.05,2,6,112,2,-999,0.415,1.63,0.16,,193,73,0,193,0,99,,11
973,1376,73.06,2,6,98,2,-999,0.415,2.13,0.09,,193,73,0,193,0,99,,11
974,1377,73.07,2,6,112,2,-999,0.415,2.43,0.07,,193,73,0,193,0,99,,11
975,1378,73.08,2,6,112,2,-999,0.415,2.43,0.05,,193,73,0,193,0,99,,11
976,1379,73.09,2,6,98,2,-999,0.415,2.43,0.07,,193,73,0,193,0,99,,11
977,1380,73.1,2,6,98,2,-999,0.415,2.43,0.1,,193,73,0,193,0,99,,11
978,1381,73.11,2,6,98,2,-999,0.415,2.43,0.13,,193,73,0,193,0,99,,11
979,1382,73.12,2,6,98,2,-999,0.415,1.9,0.53,,193,73,0,193,0,99,,11
980,1383,73.13,2,6,98,2,-999,0.415,0.85,0.95,,193,73,0,193,0,99,,11
981,1384,74.01,2,6,98,2,-999,0.415,0.85,0.59,,194,74,0,194,0,100,,11
982,1385,74.02,2,6,98,2,-999,0.415,0.85,0.48,,194,74,0,194,0,100,,11
983,1386,74.03,2,6,112,2,-999,0.415,0.85,0.41,,194,74,0,194,0,100,,11
984,1387,74.04,2,6,112,2,-999,0.415,0.85,0.28,,194,74,0,194,0,100,,11
985,1388,74.05,2,6,112,2,-999,0.415,0.85,0.14,,194,74,0,194,0,100,,11
986,1389,74.06,2,6,112,2,-999,0.415,0.85,0.08,,194,74,0,194,0,100,,11
987,1390,74.07,2,6,108,2,-999,0.415,1.02,0.2,,194,74,0,194,0,100,,11
988,1391,74.08,2,6,104,2,-999,0.415,1.36,0.27,,194,74,0,194,0,100,,11
989,1392,74.09,2,6,104,2,-999,0.415,1.36,0.33,,194,74,0,194,0,100,,11
990,1393,74.1,2,6,104,2,-999,0.415,1.36,0.4,,194,74,0,194,0,100,,11
991,1394,74.11,2,6,104,2,-999,0.415,1.36,0.46,,194,74,0,194,0,100,,11
992,1395,74.12,2,6,104,2,-999,0.415,1.36,0.53,,194,74,0,194,0,100,,11
993,1396,74.13,2,6,90,2,-999,0.415,1.36,0.51,,194,74,0,194,0,100,,11
994,1397,74.14,2,6,98,2,-999,0.415,1.59,0.6,,194,74,0,194,0,100,,11
995,1398,75.01,2,6,98,2,-999,0.415,1.63,0.41,,195,75,0,195,0,101,,11
996,1399,75.02,2,6,98,2,-999,0.415,1.63,0.36,,195,75,0,195,0,101,,11
997,1400,75.03,2,6,98,2,-999,0.415,1.63,0.3,,195,75,0,195,0,101,,11
998,1401,75.04,2,6,98,2,-999,0.415,1.63,0.26,,195,75,0,195,0,101,,11
999,1402,75.05,2,6,112,2,-999,0.415,1.63,0.22,,195,75,0,195,0,101,,11
1000,1403,75.06,2,6,112,2,-999,0.415,1.63,0.15,,195,75,0,195,0,101,,11
1001,1404,75.07,2,6,112,2,-999,0.415,1.63,0.08,,195,75,0,195,0,101,,11
1002,1405,75.08,2,6,112,2,-999,0.415,1.63,0.07,,195,75,0,195,0,101,,11
1003,1406,75.09,2,6,112,2,-999,0.415,1.63,0.13,,195,75,0,195,0,101,,11
1004,1407,75.1,2,6,112,2,-999,0.415,1.63,0.2,,195,75,0,195,0,101,,11
1005,1408,75.11,2,6,112,2,-999,0.415,1.63,0.27,,195,75,0,195,0,101,,11
1006,1409,75.12,2,6,112,2,-999,0.415,1.63,0.34,,195,75,0,195,0,101,,11
1007,1410,75.13,2,6,98,2,-999,0.415,1.63,0.36,,195,75,0,195,0,101,,11
1008,1411,75.14,2,6,98,2,-999,0.415,1.63,0.41,,195,75,0,195,0,101,,11
1009,1412,76.01,2,6,112,2,-999,0.415,1.63,0.49,,196,76,0,196,0,102,,11
1010,1413,76.02,2,6,112,2,-999,0.415,1.63,0.42,,196,76,0,196,0,102,,11
1011,1414,76.03,2,6,112,2,-999,0.415,1.63,0.35,,196,76,0,196,0,102,,11
1012,1415,76.04,2,6,112,2,-999,0.415,1.63,0.28,,196,76,0,196,0,102,,11
1013,1416,76.05,2,6,112,2,-999,0.415,1.63,0.21,,196,76,0,196,0,102,,11
1014,1417,76.06,2,6,112,2,-999,0.415,1.63,0.15,,196,76,0,196,0,102,,11
1015,1418,76.07,2,6,112,2,-999,0.415,1.63,0.08,,196,76,0,196,0,102,,11
1016,1419,76.08,2,6,112,2,-999,0.415,1.63,0.07,,196,76,0,196,0,102,,11
1017,1420,76.09,2,6,112,2,-999,0.415,1.63,0.14,,196,76,0,196,0,102,,11
1018,1421,76.1,2,6,112,2,-999,0.415,1.63,0.21,,196,76,0,196,0,102,,11
1019,1422,76.11,2,6,112,2,-999,0.415,1.63,0.28,,196,76,0,196,0,102,,11
1020,1423,76.12,2,6,112,2,-999,0.415,1.63,0.35,,196,76,0,196,0,102,,11
1021,1424,76.13,2,6,112,2,-999,0.415,0.85,0.46,,196,76,0,196,0,102,,11
1022,1425,77.01,2,6,112,2,-999,0.415,0.85,0.17,,197,77,0,197,0,103,,11
1023,1426,77.02,2,6,118,2,-999,0.415,1.26,0.07,,197,77,0,197,0,103,,11
1024,1427,77.03,2,6,104,2,-999,0.415,1.36,0.09,,197,77,0,197,0,103,,11
1025,1428,77.04,2,6,104,2,-999,0.415,1.36,0.16,,197,77,0,197,0,103,,11
1026,1429,77.05,2,6,104,2,-999,0.415,1.36,0.22,,197,77,0,197,0,103,,11
1027,1430,77.06,2,6,104,2,-999,0.415,1.36,0.29,,197,77,0,197,0,103,,11
1028,1431,77.07,2,6,98,2,-999,0.415,0.85,0.23,,197,77,0,197,0,103,,11
1029,1432,77.08,2,6,98,2,-999,0.415,1.16,0.14,,197,77,0,197,0,103,,11
1030,1433,77.09,2,6,112,2,-999,0.415,1.63,0.08,,197,77,0,197,0,103,,11
1031,1434,77.1,2,6,112,2,-999,0.415,1.63,0.04,,197,77,0,197,0,103,,11
1032,1435,77.11,2,6,98,2,-999,0.415,1.63,0.08,,197,77,0,197,0,103,,11
1033,1436,77.12,2,6,98,2,-999,0.415,1.63,0.13,,197,77,0,197,0,103,,11
1034,1437,77.13,2,6,98,2,-999,0.415,1.63,0.19,,197,77,0,197,0,103,,11
1035,1438,77.14,2,6,98,2,-999,0.415,1.63,0.23,,197,77,0,197,0,103,,11
1036,1439,78.01,2,6,118,2,-999,0.415,1.36,0.24,,198,78,0,198,0,104,,11
1037,1440,78.02,2,6,116,2,-999,0.415,1.36,0.17,,198,78,0,198,0,104,,11
1038,1441,78.03,2,6,116,2,-999,0.415,1.36,0.08,,198,78,0,198,0,104,,11
1039,1442,78.04,2,6,118,2,-999,0.415,1.36,0.1,,198,78,0,198,0,104,,11
1040,1443,78.05,2,6,116,2,-999,0.415,1.36,0.18,,198,78,0,198,0,104,,11
1041,1444,78.06,2,6,118,2,-999,0.415,1.36,0.26,,198,78,0,198,0,104,,11
1042,1445,78.07,2,6,112,2,-999,0.415,1.63,0.22,,198,78,0,198,0,104,,11
1043,1446,78.08,2,6,112,2,-999,0.415,1.63,0.16,,198,78,0,198,0,104,,11
1044,1447,78.09,2,6,112,2,-999,0.415,1.63,0.09,,198,78,0,198,0,104,,11
1045,1448,78.1,2,6,112,2,-999,0.415,1.63,0.05,,198,78,0,198,0,104,,11
1046,1449,78.11,2,6,112,2,-999,0.415,1.63,0.08,,198,78,0,198,0,104,,11
1047,1450,78.12,2,6,98,2,-999,0.415,1.63,0.13,,198,78,0,198,0,104,,11
1048,1451,78.13,2,6,98,2,-999,0.415,1.63,0.18,,198,78,0,198,0,104,,11
1049,1452,79.01,2,6,118,2,-999,0.415,1.36,0.24,,199,79,0,199,0,105,,11
1050,1453,79.02,2,6,116,2,-999,0.415,1.36,0.17,,199,79,0,199,0,105,,11
1051,1454,79.03,2,6,116,2,-999,0.415,1.36,0.08,,199,79,0,199,0,105,,11
1052,1455,79.04,2,6,118,2,-999,0.415,1.36,0.1,,199,79,0,199,0,105,,11
1053,1456,79.05,2,6,116,2,-999,0.415,1.36,0.18,,199,79,0,199,0,105,,11
1054,1457,79.06,2,6,118,2,-999,0.415,1.36,0.26,,199,79,0,199,0,105,,11
1055,1458,79.07,2,6,112,2,-999,0.415,1.63,0.22,,199,79,0,199,0,105,,11
1056,1459,79.08,2,6,112,2,-999,0.415,1.63,0.16,,199,79,0,199,0,105,,11
1057,1460,79.09,2,6,112,2,-999,0.415,1.63,0.09,,199,79,0,199,0,105,,11
1058,1461,79.1,2,6,112,2,-999,0.415,1.63,0.05,,199,79,0,199,0,105,,11
1059,1462,79.11,2,6,112,2,-999,0.415,1.63,0.08,,199,79,0,199,0,105,,11
1060,1463,79.12,2,6,98,2,-999,0.415,1.63,0.13,,199,79,0,199,0,105,,11
1061,1464,79.13,2,6,98,2,-999,0.415,1.63,0.18,,199,79,0,199,0,105,,11
1062,1465,80.01,2,6,118,2,-999,0.415,1.36,0.24,,200,80,0,200,0,106,,11
1063,1466,80.02,2,6,116,2,-999,0.415,1.36,0.17,,200,80,0,200,0,106,,11
1064,1467,80.03,2,6,116,2,-999,0.415,1.36,0.08,,200,80,0,200,0,106,,11
1065,1468,80.04,2,6,118,2,-999,0.415,1.36,0.1,,200,80,0,200,0,106,,11
1066,1469,80.05,2,6,116,2,-999,0.415,1.36,0.18,,200,80,0,200,0,106,,11
1067,1470,80.06,2,6,118,2,-999,0.415,1.36,0.26,,200,80,0,200,0,106,,11
1068,1471,80.07,2,6,112,2,-999,0.415,1.63,0.22,,200,80,0,200,0,106,,11
1069,1472,80.08,2,6,112,2,-999,0.415,1.63,0.16,,200,80,0,200,0,106,,11
1070,1473,80.09,2,6,112,2,-999,0.415,1.63,0.09,,200,80,0,200,0,106,,11
1071,1474,80.1,2,6,112,2,-999,0.415,1.63,0.05,,200,80,0,200,0,106,,11
1072,1475,80.11,2,6,112,2,-999,0.415,1.63,0.08,,200,80,0,200,0,106,,11
1073,1476,80.12,2,6,98,2,-999,0.415,1.63,0.13,,200,80,0,200,0,106,,11
1074,1477,80.13,2,6,98,2,-999,0.415,1.63,0.18,,200,80,0,200,0,106,,11
1075,1478,81.01,2,6,104,2,-999,0.415,1.36,0.25,,201,81,0,201,0,107,,11
1076,1479,81.02,2,6,118,2,-999,0.415,1.36,0.21,,201,81,0,201,0,107,,11
1077,1480,81.03,2,6,116,2,-999,0.415,1.36,0.13,,201,81,0,201,0,107,,11
1078,1481,81.04,2,6,116,2,-999,0.415,1.36,0.06,,201,81,0,201,0,107,,11
1079,1482,81.05,2,6,118,2,-999,0.415,1.36,0.13,,201,81,0,201,0,107,,11
1080,1483,81.06,2,6,116,2,-999,0.415,1.36,0.22,,201,81,0,201,0,107,,11
1081,1484,81.07,2,6,118,2,-999,0.415,1.36,0.3,,201,81,0,201,0,107,,11
1082,1485,81.08,2,6,112,2,-999,0.415,1.63,0.26,,201,81,0,201,0,107,,11
1083,1486,81.09,2,6,112,2,-999,0.415,1.63,0.19,,201,81,0,201,0,107,,11
1084,1487,81.1,2,6,112,2,-999,0.415,1.63,0.12,,201,81,0,201,0,107,,11
1085,1488,81.11,2,6,112,2,-999,0.415,1.32,0.05,,201,81,0,201,0,107,,11
1086,1489,81.12,2,6,98,2,-999,0.415,0.85,0.09,,201,81,0,201,0,107,,11
1087,1490,81.13,2,6,98,2,-999,0.415,0.85,0.2,,201,81,0,201,0,107,,11
1088,1491,82.01,2,6,104,2,-999,0.415,1.36,0.27,,202,82,0,202,0,108,,11
1089,1492,82.02,2,6,116,2,-999,0.415,1.36,0.23,,202,82,0,202,0,108,,11
1090,1493,82.03,2,6,118,2,-999,0.415,1.36,0.16,,202,82,0,202,0,108,,11
1091,1494,82.04,2,6,118,2,-999,0.415,1.36,0.07,,202,82,0,202,0,108,,11
1092,1495,82.05,2,6,116,2,-999,0.415,1.36,0.14,,202,82,0,202,0,108,,11
1093,1496,82.06,2,6,118,2,-999,0.415,1.36,0.24,,202,82,0,202,0,108,,11
1094,1497,82.07,2,6,116,2,-999,0.415,1.36,0.31,,202,82,0,202,0,108,,11
1095,1498,82.08,2,6,112,2,-999,0.415,0.85,0.25,,202,82,0,202,0,108,,11
1096,1499,82.09,2,6,106,2,-999,0.415,0.88,0.12,,202,82,0,202,0,108,,11
1097,1500,82.1,2,6,88,2,-999,0.415,1.05,0.03,,202,82,0,202,0,108,,11
1098,1501,82.11,2,6,88,2,-999,0.415,1.05,0.06,,202,82,0,202,0,108,,11
1099,1502,82.12,2,6,88,2,-999,0.415,1.05,0.11,,202,82,0,202,0,108,,11
1100,1503,82.13,2,6,88,2,-999,0.415,1.05,0.17,,202,82,0,202,0,108,,11
1101,1504,82.14,2,6,88,2,-999,0.415,1.05,0.22,,202,82,0,202,0,108,,11
1102,1505,83.01,2,6,104,2,-999,0.415,1.36,0.31,,203,83,0,203,0,109,,11
1103,1506,83.02,2,6,104,2,-999,0.415,1.36,0.25,,203,83,0,203,0,109,,11
1104,1507,83.03,2,6,116,2,-999,0.415,1.36,0.2,,203,83,0,203,0,109,,11
1105,1508,83.04,2,6,118,2,-999,0.415,1.36,0.13,,203,83,0,203,0,109,,11
1106,1509,83.05,2,6,118,2,-999,0.415,1.36,0.06,,203,83,0,203,0,109,,11
1107,1510,83.06,2,6,116,2,-999,0.415,1.36,0.13,,203,83,0,203,0,109,,11
1108,1511,83.07,2,6,104,2,-999,0.415,1.36,0.18,,203,83,0,203,0,109,,11
1109,1512,83.08,2,6,104,2,-999,0.415,1.36,0.25,,203,83,0,203,0,109,,11
1110,1513,83.09,2,6,104,2,-999,0.415,1.36,0.31,,203,83,0,203,0,109,,11
1111,1514,83.1,2,6,88,2,-999,0.415,1.05,0.23,,203,83,0,203,0,109,,11
1112,1515,83.11,2,6,96,2,-999,0.415,0.74,0.18,,203,83,0,203,0,109,,11
1113,1516,83.12,2,6,90,2,-999,0.415,0.43,0.07,,203,83,0,203,0,109,,11
1114,1517,83.13,2,6,90,2,-999,0.415,0.43,0.09,,203,83,0,203,0,109,,11
1115,1518,83.14,2,6,90,2,-999,0.415,0.43,0.22,,203,83,0,203,0,109,,11
1116,1519,84.01,2,6,84,2,-999,0.415,1.63,0.6,,204,84,0,204,0,110,,12
1117,1520,84.02,2,6,84,2,-999,0.415,1.63,0.56,,204,84,0,204,0,110,,12
1118,1521,84.03,2,6,100,2,-999,0.415,1.79,0.37,,204,84,0,204,0,110,,12
1119,1522,84.04,2,6,98,2,-999,0.415,1.87,0.32,,204,84,0,204,0,110,,12
1120,1523,84.05,2,6,84,2,-999,0.415,1.94,0.6,,204,84,0,204,0,110,,12
1121,1524,84.06,2,6,96,2,-999,0.415,1.63,0.19,,204,84,0,204,0,110,,12
1122,1525,84.07,2,6,98,2,-999,0.415,1.82,0.11,,204,84,0,204,0,110,,12
1123,1526,84.08,2,6,112,2,-999,0.415,1.7,0.06,,204,84,0,204,0,110,,12
1124,1527,84.09,2,6,112,2,-999,0.415,1.63,0.04,,204,84,0,204,0,110,,12
1125,1528,84.1,2,6,112,2,-999,0.415,1.63,0.11,,204,84,0,204,0,110,,12
1126,1529,84.11,2,6,112,2,-999,0.415,1.63,0.18,,204,84,0,204,0,110,,12
1127,1530,84.12,2,6,112,2,-999,0.415,1.63,0.25,,204,84,0,204,0,110,,12
1128,1531,84.13,2,6,112,2,-999,0.415,1.63,0.32,,204,84,0,204,0,110,,12
1129,1532,84.14,2,6,112,2,-999,0.415,1.63,0.39,,204,84,0,204,0,110,,12
1130,1533,85.01,2,6,112,2,-999,0.415,1.63,0.63,,205,85,0,205,0,111,,12
1131,1534,85.02,2,6,112,2,-999,0.415,1.63,0.56,,205,85,0,205,0,111,,12
1132,1535,85.03,2,6,112,2,-999,0.415,1.63,0.5,,205,85,0,205,0,111,,12
1133,1536,85.04,2,6,108,2,-999,0.415,1.5,0.41,,205,85,0,205,0,111,,12
1134,1537,85.05,2,6,104,2,-999,0.415,1.36,0.33,,205,85,0,205,0,111,,12
1135,1538,85.06,2,6,102,2,-999,0.415,1.31,0.26,,205,85,0,205,0,111,,12
1136,1539,85.07,2,6,96,2,-999,0.415,1.14,0.19,,205,85,0,205,0,111,,12
1137,1540,85.08,2,6,90,2,-999,0.415,0.96,0.12,,205,85,0,205,0,111,,12
1138,1541,85.09,2,6,98,2,-999,0.415,0.85,0.04,,205,85,0,205,0,111,,12
1139,1542,85.1,2,6,98,2,-999,0.415,0.85,0.11,,205,85,0,205,0,111,,12
1140,1543,85.11,2,6,98,2,-999,0.415,0.85,0.22,,205,85,0,205,0,111,,12
1141,1544,85.12,2,6,98,2,-999,0.415,0.85,0.32,,205,85,0,205,0,111,,12
1142,1545,85.13,2,6,98,2,-999,0.415,0.85,0.43,,205,85,0,205,0,111,,12
1143,1546,85.14,2,6,98,2,-999,0.415,0.85,0.54,,205,85,0,205,0,111,,12
1144,1547,86.01,1,6,80,2,-999,0.415,0.56,0.5,,206,86,0,206,0,112,,10
1145,1548,86.02,1,6,100,2,-999,0.415,0.82,0.56,,206,86,0,206,0,112,,10
1146,1549,86.03,1,6,88,2,-999,0.415,0.97,0.38,,206,86,0,206,0,112,,10
1147,1550,86.04,1,6,90,2,-999,0.415,1.01,0.56,,206,86,0,206,0,112,,10
1148,1551,86.05,1,6,96,2,-999,0.415,1.14,0.6,,206,86,0,206,0,112,,10
1149,1552,86.06,2,6,96,2,-999,0.415,1.14,0.6,,206,86,0,206,0,112,,10
1150,1553,86.07,2,6,96,2,-999,0.415,1.14,0.6,,206,86,0,206,0,112,,10
1151,1554,86.08,2,6,96,2,-999,0.415,1.14,0.07,,206,86,0,206,0,112,,10
1152,1555,86.09,2,6,96,2,-999,0.415,1.14,0.07,,206,86,0,206,0,112,,10
1153,1556,86.1,2,6,96,2,-999,0.415,1.14,0.13,,206,86,0,206,0,112,,10
1154,1557,86.11,2,6,96,2,-999,0.415,1.14,0.19,,206,86,0,206,0,112,,10
1155,1558,86.12,2,6,96,2,-999,0.415,1.14,0.25,,206,86,0,206,0,112,,10
1156,1559,86.13,2,6,84,2,-999,0.415,0.63,0.05,,206,86,0,206,0,112,,10
1157,1560,86.14,2,6,84,2,-999,0.415,0.85,0.13,,206,86,0,206,0,112,,10
1158,1561,86.15,2,6,90,2,-999,0.415,0.96,0.22,,206,86,0,206,0,112,,10
1159,1562,87.01,2,6,72,2,-999,0.415,1.14,0.15,,207,87,0,207,0,113,,10
1160,1563,87.02,2,6,96,2,-999,0.415,1.14,0.14,,207,87,0,207,0,113,,10
1161,1564,87.03,2,6,96,2,-999,0.415,1.14,0.08,,207,87,0,207,0,113,,10
1162,1565,87.04,2,6,96,2,-999,0.415,1.14,0.07,,207,87,0,207,0,113,,10
1163,1566,87.05,2,6,96,2,-999,0.415,1.14,0.12,,207,87,0,207,0,113,,10
1164,1567,87.06,2,6,72,2,-999,0.415,1.14,0.14,,207,87,0,207,0,113,,10
1165,1568,87.07,2,6,112,2,-999,0.415,1.63,0.16,,207,87,0,207,0,113,,10
1166,1569,87.08,2,6,104,2,-999,0.415,1.82,0.1,,207,87,0,207,0,113,,10
1167,1570,87.09,2,6,112,2,-999,0.415,2.43,0.06,,207,87,0,207,0,113,,10
1168,1571,87.1,2,6,112,2,-999,0.415,2.43,0.04,,207,87,0,207,0,113,,10
1169,1572,87.11,2,6,112,2,-999,0.415,2.43,0.08,,207,87,0,207,0,113,,10
1170,1573,87.12,2,6,98,2,-999,0.415,2.43,0.11,,207,87,0,207,0,113,,10
1171,1574,87.13,2,6,98,2,-999,0.415,2.43,0.14,,207,87,0,207,0,113,,10
1172,1575,87.14,2,6,98,2,-999,0.415,2.43,0.17,,207,87,0,207,0,113,,10
1173,1576,88.01,2,6,72,2,-999,0.415,1.14,0.14,,208,88,0,208,0,114,,10
1174,1577,88.02,2,6,96,2,-999,0.415,1.14,0.13,,208,88,0,208,0,114,,10
1175,1578,88.03,2,6,96,2,-999,0.415,1.14,0.07,,208,88,0,208,0,114,,10
1176,1579,88.04,2,6,96,2,-999,0.415,1.14,0.07,,208,88,0,208,0,114,,10
1177,1580,88.05,2,6,96,2,-999,0.415,1.14,0.13,,208,88,0,208,0,114,,10
1178,1581,88.06,2,6,72,2,-999,0.415,1.14,0.14,,208,88,0,208,0,114,,10
1179,1582,88.07,2,6,98,2,-999,0.415,2.43,0.15,,208,88,0,208,0,114,,10
1180,1583,88.08,2,6,98,2,-999,0.415,2.43,0.12,,208,88,0,208,0,114,,10
1181,1584,88.09,2,6,112,2,-999,0.415,2.43,0.1,,208,88,0,208,0,114,,10
1182,1585,88.1,2,6,112,2,-999,0.415,2.43,0.05,,208,88,0,208,0,114,,10
1183,1586,88.11,2,6,112,2,-999,0.415,2.43,0.05,,208,88,0,208,0,114,,10
1184,1587,88.12,2,6,112,2,-999,0.415,2.43,0.08,,208,88,0,208,0,114,,10
1185,1588,88.13,2,6,98,2,-999,0.415,2.43,0.12,,208,88,0,208,0,114,,10
1186,1589,88.14,2,6,98,2,-999,0.415,2.43,0.15,,208,88,0,208,0,114,,10
1187,1590,89.01,2,6,96,2,-999,0.415,1.14,0.16,,209,89,0,209,0,115,,10
1188,1591,89.02,2,6,96,2,-999,0.415,1.14,0.1,,209,89,0,209,0,115,,10
1189,1592,89.03,2,6,96,2,-999,0.415,1.14,0.07,,209,89,0,209,0,115,,10
1190,1593,89.04,2,6,96,2,-999,0.415,1.14,0.11,,209,89,0,209,0,115,,10
1191,1594,89.05,2,6,96,2,-999,0.415,1.14,0.17,,209,89,0,209,0,115,,10
1192,1595,89.06,2,6,112,2,-999,0.415,2.43,0.18,,209,89,0,209,0,115,,10
1193,1596,89.07,2,6,112,2,-999,0.415,2.43,0.15,,209,89,0,209,0,115,,10
1194,1597,89.08,2,6,112,2,-999,0.415,2.43,0.1,,209,89,0,209,0,115,,10
1195,1598,89.09,2,6,112,2,-999,0.415,2.43,0.04,,209,89,0,209,0,115,,10
1196,1599,89.1,2,6,112,2,-999,0.415,2.43,0.04,,209,89,0,209,0,115,,10
1197,1600,89.11,2,6,112,2,-999,0.415,2.43,0.09,,209,89,0,209,0,115,,10
1198,1601,89.12,2,6,112,2,-999,0.415,2.43,0.15,,209,89,0,209,0,115,,10
1199,1602,89.13,2,6,98,2,-999,0.415,2.43,0.15,,209,89,0,209,0,115,,10
1200,1603,90.01,2,6,96,2,-999,0.415,1.14,0.18,,210,90,0,210,0,116,,10
1201,1604,90.02,2,6,96,2,-999,0.415,1.14,0.12,,210,90,0,210,0,116,,10
1202,1605,90.03,2,6,96,2,-999,0.415,1.14,0.06,,210,90,0,210,0,116,,10
1203,1606,90.04,2,6,96,2,-999,0.415,1.14,0.12,,210,90,0,210,0,116,,10
1204,1607,90.05,2,6,72,2,-999,0.415,1.14,0.13,,210,90,0,210,0,116,,10
1205,1608,90.06,2,6,98,2,-999,0.415,2.43,0.17,,210,90,0,210,0,116,,10
1206,1609,90.07,2,6,98,2,-999,0.415,2.43,0.14,,210,90,0,210,0,116,,10
1207,1610,90.08,2,6,98,2,-999,0.415,2.43,0.11,,210,90,0,210,0,116,,10
1208,1611,90.09,2,6,98,2,-999,0.415,2.43,0.06,,210,90,0,210,0,116,,10
1209,1612,90.1,2,6,98,2,-999,0.415,2.43,0.05,,210,90,0,210,0,116,,10
1210,1613,90.11,2,6,98,2,-999,0.415,2.43,0.04,,210,90,0,210,0,116,,10
1211,1614,90.12,2,6,112,2,-999,0.415,2.43,0.1,,210,90,0,210,0,116,,10
1212,1615,90.13,2,6,110,2,-999,0.415,2.43,0.13,,210,90,0,210,0,116,,10
1213,1616,90.14,2,6,108,2,-999,0.415,2.15,0.18,,210,90,0,210,0,116,,10
1214,1617,91.01,2,6,72,2,-999,0.415,1.14,0.16,,211,91,0,211,0,117,,10
1215,1618,91.02,2,6,72,2,-999,0.415,1.14,0.13,,211,91,0,211,0,117,,10
1216,1619,91.03,2,6,96,2,-999,0.415,1.14,0.11,,211,91,0,211,0,117,,10
1217,1620,91.04,2,6,96,2,-999,0.415,1.14,0.07,,211,91,0,211,0,117,,10
1218,1621,91.05,2,6,96,2,-999,0.415,1.14,0.09,,211,91,0,211,0,117,,10
1219,1622,91.06,2,6,96,2,-999,0.415,1.14,0.15,,211,91,0,211,0,117,,10
1220,1623,91.07,2,6,72,2,-999,0.415,1.14,0.16,,211,91,0,211,0,117,,10
1221,1624,91.08,2,6,90,2,-999,0.415,2.15,0.16,,211,91,0,211,0,117,,10
1222,1625,91.09,2,6,90,2,-999,0.415,1.91,0.13,,211,91,0,211,0,117,,10
1223,1626,91.1,2,6,90,2,-999,0.415,1.91,0.1,,211,91,0,211,0,117,,10
1224,1627,91.11,2,6,86,2,-999,0.415,1.91,0.06,,211,91,0,211,0,117,,10
1225,1628,91.12,2,6,112,2,-999,0.415,1.7,0.04,,211,91,0,211,0,117,,10
1226,1629,91.13,2,6,112,2,-999,0.415,1.63,0.08,,211,91,0,211,0,117,,10
1227,1630,91.14,2,6,112,2,-999,0.415,1.63,0.15,,211,91,0,211,0,117,,10
1228,1631,91.15,2,6,84,2,-999,0.415,1.63,0.16,,211,91,0,211,0,117,,10
1229,1632,92.01,2,6,72,2,-999,0.415,1.14,0.17,,212,92,0,212,0,118,,10
1230,1633,92.02,2,6,96,2,-999,0.415,1.14,0.17,,212,92,0,212,0,118,,10
1231,1634,92.03,2,6,96,2,-999,0.415,1.14,0.11,,212,92,0,212,0,118,,10
1232,1635,92.04,2,6,96,2,-999,0.415,1.14,0.07,,212,92,0,212,0,118,,10
1233,1636,92.05,2,6,96,2,-999,0.415,1.14,0.1,,212,92,0,212,0,118,,10
1234,1637,92.06,2,6,96,2,-999,0.415,1.14,0.15,,212,92,0,212,0,118,,10
1235,1638,92.07,2,6,72,2,-999,0.415,1.14,0.16,,212,92,0,212,0,118,,10
1236,1639,92.08,2,6,84,2,-999,0.415,1.63,0.18,,212,92,0,212,0,118,,10
1237,1640,92.09,2,6,112,2,-999,0.415,1.63,0.17,,212,92,0,212,0,118,,10
1238,1641,92.1,2,6,112,2,-999,0.415,1.63,0.1,,212,92,0,212,0,118,,10
1239,1642,92.11,2,6,112,2,-999,0.415,1.63,0.04,,212,92,0,212,0,118,,10
1240,1643,92.12,2,6,112,2,-999,0.415,1.63,0.08,,212,92,0,212,0,118,,10
1241,1644,92.13,2,6,112,2,-999,0.415,1.63,0.15,,212,92,0,212,0,118,,10
1242,1645,92.14,2,6,108,2,-999,0.415,1.5,0.21,,212,92,0,212,0,118,,10
1243,1646,93.01,2,6,72,2,-999,0.415,1.14,0.21,,213,93,0,213,0,119,,10
1244,1647,93.02,2,6,72,2,-999,0.415,1.14,0.17,,213,93,0,213,0,119,,10
1245,1648,93.03,2,6,96,2,-999,0.415,1.14,0.17,,213,93,0,213,0,119,,10
1246,1649,93.04,2,6,96,2,-999,0.415,1.14,0.11,,213,93,0,213,0,119,,10
1247,1650,93.05,2,6,96,2,-999,0.415,1.14,0.07,,213,93,0,213,0,119,,10
1248,1651,93.06,2,6,96,2,-999,0.415,1.14,0.1,,213,93,0,213,0,119,,10
1249,1652,93.07,2,6,96,2,-999,0.415,1.14,0.15,,213,93,0,213,0,119,,10
1250,1653,93.08,2,6,96,2,-999,0.415,1.14,0.21,,213,93,0,213,0,119,,10
1251,1654,93.09,2,6,72,2,-999,0.415,1.14,0.21,,213,93,0,213,0,119,,10
1252,1655,93.1,2,6,78,2,-999,0.415,1.36,0.19,,213,93,0,213,0,119,,10
1253,1656,93.11,2,6,100,2,-999,0.415,1.25,0.18,,213,93,0,213,0,119,,10
1254,1657,93.12,2,6,96,2,-999,0.415,1.14,0.11,,213,93,0,213,0,119,,10
1255,1658,93.13,2,6,98,2,-999,0.415,0.85,0.04,,213,93,0,213,0,119,,10
1256,1659,93.14,2,6,98,2,-999,0.415,0.85,0.11,,213,93,0,213,0,119,,10
1257,1660,93.15,2,6,98,2,-999,0.415,0.85,0.22,,213,93,0,213,0,119,,10
1258,1661,94.01,2,6,96,2,-999,0.415,1.14,0.33,,214,94,0,214,0,120,,10
1259,1662,94.02,2,6,96,2,-999,0.415,1.14,0.33,,214,94,0,214,0,120,,10
1260,1663,94.03,2,6,96,2,-999,0.415,1.14,0.33,,214,94,0,214,0,120,,10
1261,1664,94.04,2,6,96,2,-999,0.415,1.14,0.15,,214,94,0,214,0,120,,10
1262,1665,94.05,2,6,96,2,-999,0.415,1.14,0.33,,214,94,0,214,0,120,,10
1263,1666,94.06,2,6,96,2,-999,0.415,1.14,0.06,,214,94,0,214,0,120,,10
1264,1667,94.07,2,6,96,2,-999,0.415,1.14,0.31,,214,94,0,214,0,120,,10
1265,1668,94.08,2,6,96,2,-999,0.415,1.14,0.18,,214,94,0,214,0,120,,10
1266,1669,94.09,2,6,96,2,-999,0.415,1.14,0.24,,214,94,0,214,0,120,,10
1267,1670,94.1,2,6,104,2,-999,0.415,0.94,0.34,,214,94,0,214,0,120,,10
1268,1671,94.11,2,6,112,2,-999,0.415,0.85,0.31,,214,94,0,214,0,120,,10
1269,1672,94.12,2,6,110,2,-999,0.415,0.66,0.17,,214,94,0,214,0,120,,10
1270,1673,94.13,2,6,90,2,-999,0.415,0.43,0.04,,214,94,0,214,0,120,,10
1271,1674,94.14,2,6,90,2,-999,0.415,0.43,0.15,,214,94,0,214,0,120,,10
